Workbook

Sheet Raw Data
A1: 21st July 1951 | B1: W.I.Stanton | C1: SWILDONS HOLE | E1: PDF p.49-50 | M1: Compass bearings magnetic 11(deg)30' W
E3: Looking Forward
A4: Sta. | B4: Sta. | C4: Ht Rf | D4: Dp Fl | E4: Width L | F4: Width R | G4: FS | H4: BS | I4: Bearing | J4: Distance | K4: Fore Clino | M4: Hor Dist. | N4: Vert Dist. | O4: Dp. Below sump I | P4: Notes
A5: A | B5: B | C5: 20 | D5: - | E5: 4 | F5: 4(19' in aven) | G5: - | H5: 103 | I5: 283 | J5: 21 | K5: 8 30 | M5: 20.8 | N5: 3.1 | P5: A is at the base of the cable spike on the downstream side of Sump I
A6: B | B6: C | C6: 6 | D6: 3.5 | E6: 3 | F6: 6 | G6: 322 30 | H6: - | I6: 322 30 | J6: 27 | K6: ="-9 30" -> -9 30 | M6: 26.7 | N6: -4.5 | O6: 3.1 | P6: B is on a rock at upstream end of pool
A7: C | B7: D | C7: 7 | D7: - | E7: 4 | F7: 2 | G7: - | H7: 83 | I7: 263 | J7: 37 | K7: rise of 1.5 feet | M7: 37 | N7: 1.5 | O7: -1.4 | P7: C is on edge of pool 10' before Duck I
A8: D | B8: E | C8: 25 | D8: 2 | E8: - | F8: 10 | G8: 192 30 | H8: - | I8: 192 30 | J8: 16.2 | K8: 4 30 | M8: 16.1 | N8: 1.3 | O8: 0.1 | P8: D is in stream. Big rock (start of New Series survey) 10' away at 350 (deg). Big passage starts as continuation of Howards Dig.
A9: E | B9: F | C9: 25 | D9: 4.5 | E9: 6 | F9: - | G9: - | H9: 78 | I9: 258 | J9: 47 | K9: ="-5 30" -> -5 30 | M9: 46.8 | N9: -4.5 | O9: 1.4
A10: F | B10: G | C10: 4 | D10: 2 | E10: 0.5 | F10: 3 (30 in B.Place(?)) | G10: 292 | H10: - | I10: 292 | J10: 48 | K10: fall of 2.5 feet | M10: 48 | N10: -2.5 | O10: -3.1 | P10: At 40' the roof lowers suddenly to Creep I. The big Bedding Plane passage comes in on the right, from -5' to 40'
A11: G | B11: H | C11: 2.5 | D11: 0.5 | E11: 3.5 | F11: 7 | G11: - | H11: 159 | I11: 339 | J11: 36 | K11: level | M11: 36 | N11: 0 | O11: -5.6
A12: H | B12: I | C12: 15 | D12: 1 | E12: 10 | F12: 3 | G12: 247 | H12: - | I12: 247 | J12: 31 | K12: ="-2 30" -> -2 30 | M12: 31 | N12: -1.3 | O12: -5.6
A13: I | B13: J | C13: 15 | D13: 1 | E13: 8 | F13: 2 | G13: - | H13: 95 | I13: 275 | J13: 26 | K13: 2 | M13: 26 | N13: 0.9 | O13: -6.9
A14: J | B14: K | C14: 8 | D14: 3 | E14: 1 | F14: 2 | G14: 320 | H14: - | I14: 320 | J14: 26.5 | K14: 1 | M14: 26.5 | N14: 0.5 | O14: -6 | P14: Pots
A15: K | B15: L | C15: 25 | D15: 4.5 | E15: - | F15: 4 | G15: - | H15: 193 | I15: 13 | J15: 17.5 | K15: -9 | M15: 17.3 | N15: -2.7 | O15: -5.5 | P15: Pots
A16: L | B16: M | C16: 20 | D16: 3 | E16: 2 | F16: 2 | G16: 299 | H16: - | I16: 299 | J16: 33 | K16: -3 | M16: 33 | N16: -1.7 | O16: -8.2 | P16: L is at foot of climb to Approach passage. Clay fill remains 6' up on left wall.
A17: M | B17: N | C17: 15 | D17: 7 | E17: 4 | F17: - | G17: - | H17: 142 | I17: 322 | J17: 43 | K17: -7.3 | M17: 42.7 | N17: -5.6 | O17: -9.9 | P17: Pots
A18: N | B18: O | C18: 25 | D18: 3 | E18: 2 | F18: 1 | G18: 281 | H18: - | I18: 281 | J18: 15.5 | K18: -2 | M18: 15.5 | N18: -0.5 | O18: -15.5 | P18: Pots
A19: O | B19: P | C19: 40 | D19: 4.5 | E19: 2 | F19: 2 | G19: - | H19: 127 | I19: 307 | J19: 56 | K19: -5 | M19: 55.8 | N19: -4.9 | O19: -16 | P19: Pots. Very pretty coral on left wall
A20: P | B20: Q | C20: 40 | D20: 3 | E20: 2 | F20: 3 | G20: 283 | H20: - | I20: 283 | J20: 15.8 | K20: ="-0 15" -> -0 15 | M20: 15.8 | N20: -0.1 | O20: -20.9
A21: Q | B21: R | C21: 40 | D21: 4 | E21: 4 | F21: - | G21: - | H21: 37 | I21: 217 | J21: 15.3 | K21: fall of 4 feet | M21: 15.3 | N21: -4 | O21: -21 | P21: 1.5 foot deep pool starts at P.
A22: R | B22: S | C22: 40 | D22: - | E22: - | F22: 4 | G22: 310 | H22: - | I22: 310 | J22: 39.5 | K22: rise of 4 feet | M22: 39.5 | N22: 4 | O22: -25 | P22: Pool 2.5' deep at R, ends 15' on. Scalloping as in Goughs 1st Sandy Chamber.
A23: S | B23: T | C23: 12 | D23: 4.5 | E23: 8 | F23: - | G23: - | H23: 58 | I23: 238 | J23: 39.6 | K23: ="-2 30" -> -2 30 | M23: 39.6 | N23: -1.9 | O23: -21 | P23: S is marked on wall. At 20' there is a muddy chamber overhead.
A24: T | B24: U | C24: 2 | D24: 2.5 | E24: 15 | F24: 6 | G24: 148 | H24: - | I24: 148 | J24: 49 | K24: fall of 1.7 feet | M24: 49 | N24: -1.7 | O24: -22.9
A25: U | C25: 1.5 | D25: 1.5 | O25: -24.6 | P25: Bearls (sp.?) seen here. Total = 650'
A26: A1 | B26: B1 | C26: - | D26: 1 | E26: 1 | F26: 0.5 | G26: - | H26: 326 | I26: 146 | J26: 30.4 | K26: level | M26: 30.4 | N26: - | P26: A1 is far end of "Priddy Green" passage. At choke
A27: B1 | B27: C1 | C27: 4 | D27: 1 | E27: 10 | F27: 2 | G27: 248 | H27: - | I27: 248 | J27: 37.5 | K27: -6 | M27: 37.3 | N27: -3.9 | O27: 11 | P27: B1 is ent to P.G. pass, above stalagmite keloid (sp.?)
A29: 5th August 1951
A30: C1 | B30: D1 | C30: 5 | D30: 6 | E30: 15 | F30: 4 | G30: - | H30: 85 | I30: 265 | J30: 11.8 | K30: -24 | M30: 10.8 | N30: -4.8 | O30: 7.1 | P30: On rocky bank.
A31: D1 | B31: A | C31: 2 | D31: 2.3 | E31: 10 | F31: 4 | G31: 251 | H31: - | I31: 251 | J31: 36.8 | K31: water level | M31: 36.6 | N31: -2.3 | O31: 2.3 | P31: D1 to near side of Sump I 11.8'. D1 to far side of Sump I 18'. D1 is in pool at stake for cable.
A32: U | B32: V | C32: 1.5 | D32: 1.5 | E32: 2.5 | F32: 15 | G32: - | H32: 6 30 | I32: 186 30 | J32: 29 | K32: water level | M32: 29 | N32: - | O32: -24.6 | P32: Lake begins as 10'. (Little sketch)
A33: V | B33: W | C33: 15 | D33: - | E33: 2 | F33: 4 | G33: 141 30 | H33: - | I33: 141 30 | J33: 33.8 | K33: water level | M33: 33.8 | N33: - | O33: -26.1 | P33: Lake
A34: W | B34: X | C34: 4 | D34: - | E34: 0.5 | F34: 8 | G34: 132 10 | H34: - | I34: 132 10 | J34: 47 | K34: water level | M34: 47 | N34: - | O34: -26.1 | P34: Bearing from 2' to right. W to near side Duck II = 3.5. W to far side Duck II = 20.4
A35: X | B35: Y | C35: 12 | D35: - | E35: 2 | F35: 10 | G35: - | H35: 354 | I35: 174 | J35: 83.5 | K35: fall 0.7' | M35: 83.5 | N35: -0.7 | O35: -26.1 | P35: Y at lip of Sump II, 3" air space goes on 10 more
A36: Y | C36: 0.4 (12) | D36: - | E36: 4 | F36: 2 | O36: -26.8 | P36: (Little sketch). Total 1010'
A37: T | B37: Ri | C37: ="/" -> / | D37: ="/" -> / | E37: ="/" -> / | F37: ="/" -> / | G37: 19 | H37: - | I37: 19 | J37: 22.1 | K37: 20 | M37: 20.8 | N37: 7.6 | O37: -22.9
A38: Ri | B38: Rii | C38: 1 | D38: 0.5 | E38: 8 | F38: 8 | G38: 315 | H38: - | I38: 315 | J38: 46 | K38: -3 | M38: 45.9 | N38: -2.4 | O38: -15.5 | P38: Sump on left at 41' feet
A39: Rii | B39: Riii | C39: 1 | D39: 2 | E39: 4 | F39: 4 | G39: 348 | H39: - | I39: 348 | J39: 32 | K39: 2 | M39: 32 | N39: 1.1 | O39: -17.7 | P39: Bearing from 3 feet to left
A40: Riii | B40: Riv | C40: 2 | D40: 1.5 | E40: 5 | F40: 2 | G40: 284 | H40: - | I40: 284 | J40: 27.3 | K40: fall 4 feet | M40: 27.3 | N40: -4 | O40: -16.6 | P40: Bearing from 2' to left. Iv is Muddy Sump. Dp below Sump I is 20.6 feet. Total 1127'
A41: a | B41: b | C41: ="/" -> / | D41: 1 | E41: 3 | F41: ="/" -> / | G41: 83 | H41: - | I41: 83 | J41: 43 | K41: 15 | M41: 41.5 | N41: 11.1 | O41: -4.6 | P41: a is on N.Side of passage just before Creep I -> (sketch)
A42: b | B42: c | C42: ="/" -> / | D42: 2 | E42: 5 | F42: 7 | G42: 6 | H42: - | I42: 6 | J42: 20.7 | K42: 8 | M42: 20.5 | N42: 2.9 | O42: 6.5
A43: c | B43: d | C43: ="/" -> / | D43: 1 | E43: 2 | F43: 3 | G43: 42 | H43: - | I43: 42 | J43: 11.3 | K43: 10 | M43: 11.1 | N43: 2 | O43: 17.5 (? indistinct)
A44: d | B44: e | C44: ="/" -> / | D44: 0.5 | E44: 1 | F44: ="/" -> / | G44: 139 | H44: - | I44: 139 | J44: 18.9 | K44: level | M44: 18.9 | N44: - | O44: 11.4 | P44: (e) is where passage rejoins streamway. Stn 35 (p.52)-(e) is F.S. 234 (TRUE), Dist 18', Clino +45 (deg), HD 12.7, VD +12.7
A45: d | B45: f | C45: ="/" -> / | D45: ="/" -> / | E45: ="/" -> / | F45: 6 | G45: 245 | H45: - | I45: 245 | J45: 10.3 | K45: 60 | M45: 5.1 | N45: 8.9 | O45: 11.4
A46: f | B46: g | C46: ="/" -> / | D46: ="/" -> / | E46: 1 | F46: 1 | G46: 319 | H46: - | I46: 319 | J46: 6.2 | K46: level | M46: 6.2 | N46: - | O46: 20.3
A47: g | B47: h | C47: ="/" -> / | D47: ="/" -> / | E47: ="/" -> / | F47: 2 | G47: 237 | H47: - | I47: 237 | J47: 16 | K47: 65 | M47: 6.8 | N47: 14.5 | O47: 20.3
A48: h | B48: i | C48: 3 (8 in aven) | D48: 1 | E48: 1 | F48: 1 | G48: 329 | H48: - | I48: 329 | J48: 46 | K48: level | M48: 46 | N48: - | O48: 34.8 | P48: (i) is where passage gets too low. (some indistinct numbers follow. Too faint to read on logbook scan). Total 1207' (?)
A49: M | B49: 1 | C49: ="/" -> / | D49: ="/" -> / | E49: ="/" -> / | F49: ="/" -> / | G49: - | H49: 145 | I49: 325 | J49: 11.7 | K49: -20 | M49: 10.9 | N49: -4 | O49: -9.9
A50: 1 | B50: 2 | C50: ="/" -> / | D50: 2.5 | E50: ="/" -> / | F50: ="/" -> / | G50: 35 | H50: - | I50: 35 | J50: 28.5 | K50: 85 | M50: 2.5 | N50: 28.4 | O50: 13.9
A51: 2 | B51: 3 | C51: 4 | D51: - | E51: 2 | F51: 2 | G51: - | H51: 230 | I51: 50 | J51: 19.9 | K51: 16 | M51: 19.1 | N51: 5.5 | O51: + | P51: 2 is on lip of Approach passage. Little passage starts 15 back.
A52: 3 | B52: 4 | C52: 2 | D52: 1 | E52: 2 | F52: 2 | G52: 122 | H52: - | I52: 122 | J52: 16 | K52: 7 | M52: 15.9 | N52: 1.9 | O52: 22 | P52: 3 - 12 Trench up to 2 feet deep in floor of this passage
A53: 4 | B53: 5 | C53: 2 | D53: 1 | E53: 2 | F53: 4 | G53: 59 | H53: - | I53: 59 | J53: 18 | K53: 15 | M53: 17.4 | N53: 4.7 | O53: 26.9 | P53: Little passage off to South from 4
A54: 5 | B54: 6 | C54: ="/" -> / | D54: 1 | E54: ="/" -> / | F54: ="/" -> / | G54: 17 | H54: - | I54: 17 | J54: 9.5 | K54: 10 | M54: 9.4 | N54: 1.6 | O54: 33.6
A55: 6 | B55: 7 | C55: 2 | D55: 0.5 | E55: 3 | F55: 1 | G55: 46 | H55: - | I55: 46 | J55: 13.5 | K55: 17 | M55: 12.9 | N55: 4 | O55: 38.2
A56: 7 | B56: 8 | C56: 2 | D56: 0.5 | E56: 1 | F56: 2 | G56: 74 | H56: - | I56: 74 | J56: 24.2 | K56: 13 | M56: 23.6 | N56: 5.4 | O56: 46.2
A57: 8 | B57: 9 | C57: 3 | D57: 0.5 | E57: 2 | F57: 1 | G57: 137 | H57: - | I57: 137 | J57: 8.8 | K57: 10 | M57: 8.7 | N57: 1.5 | O57: 52.6
A58: 9 | B58: 10 | C58: 2 | D58: 0.5 | E58: 2 | F58: 2 | G58: 89 | H58: - | I58: 89 | J58: 19.8 | K58: 15 | M58: 19.1 | N58: 5.1 | O58: 56.1
A59: 10 | B59: 11 | C59: ="/" -> / | D59: 0.5 | E59: 1 | F59: 3 | G59: 26 | H59: - | I59: 26 | J59: 9 | K59: 12 | M59: 8.8 | N59: 1.9 | O59: 62.2
A60: 11 | B60: 12 | C60: 2 | D60: 0.5 | E60: ="/" -> / | F60: ="/" -> / | G60: 78 | H60: - | I60: 78 | J60: 10.7 | K60: 10 | M60: 10.5 | N60: 1.9 | O60: 65.1
A61: 12 | B61: 13 | C61: 2 | D61: 2 | E61: ="/" -> / | F61: 1 | G61: 25 | H61: - | I61: 25 | J61: 8.5 | K61: fall 2 feet | M61: 8.2 | N61: -2 | O61: 67 | P61: Little passage goes uphill straight on
A62: 13 | B62: 14 | C62: 1 | D62: 0.5 | E62: 2 | F62: 3 | G62: 85 | H62: - | I62: 85 | J62: 12.3 | K62: 9 | M62: 12.1 | N62: 1.9 | O62: 65
A63: 14 | B63: 15 | C63: 2 | D63: 0.5 | E63: ="/" -> / | F63: ="/" -> / | G63: 63 | H63: - | I63: 63 | J63: 11.6 | K63: 10 | M63: 11.4 | N63: 2 | O63: 69.9
A64: 15 | B64: 16 | C64: 3 | D64: 4 | E64: 2 | F64: ="/" -> / | G64: 125 | H64: - | I64: 125 | J64: 12 | K64: fall 3.5 feet | M64: 12 | N64: -3.5 | O64: 72.9 | P64: Low creep at 4-10 feet. Chamber goes 15' in same line
A65: 16 | B65: 17 | C65: 1 | D65: 0.5 | E65: 3 | F65: 3 | G65: - | H65: 265 | I65: 85 | J65: 14.5 | K65: 6 | M65: 14.4 | N65: 1.5 | O65: 71.4
A66: 17 | B66: 18 | C66: 1 | D66: 1 | E66: 2 | F66: 3 | G66: 22 | H66: - | I66: 22 | J66: 12.6 | K66: 6 | M66: 12.5 | N66: 1.3 | O66: 74.9
A67: 18 | B67: 19 | C67: 3 | D67: 11 | E67: 2 | F67: 2 | G67: - | H67: - | I67: - | J67: 11 | K67: -90 | M67: - | N67: -11 | O67: 76.4 | P67: 18 is in crack at top of "11 foot drop"
P68: Total = 1562'
A70: 30th March 1952
A71: B1 | B71: AA | C71: ="/" -> / | D71: 2 | E71: ="/" -> / | F71: ="/" -> / | G71: - | H71: 293 40 | I71: 113 40 | J71: 78.1 | K71: 9 30 | M71: 77.1 | N71: 12.9 | O71: 12 | P71: B1 is station B1 of page 45, at entrance to "P.G." passage
A72: AA | B72: AB | C72: 25 | D72: 5 | E72: 8 | F72: 7 | G72: 115 30 | H72: - | I72: 115 30 | J72: 24.1 | K72: ="-5 30" -> -5 30 | M72: 24 | N72: -2.3 | O72: 24.9 | P72: AA on a big high rock
A73: AB | B73: AC | C73: 20 | D73: 5 | E73: 6 | F73: 0.5 | G73: - | H73: 277 50 | I73: 097 50 | J73: 29.2 | K73: 0 30 | M73: 29.2 | N73: 0.3 | O73: 22.6 | P73: AB on big rock. Stream sinks below boulders.
A74: AC | B74: AD | C74: 5 to rock jam | D74: 2.5 | E74: 1 | F74: 7.2 | G74: 121 00 | H74: - | I74: 121 00 | J74: 10.6 | K74: 22 30 | M74: 9.8 | N74: 4.1 | O74: 22.9 | P74: AC on dirty great big rock.
A75: AD | B75: AE | C75: 30 | D75: 5 | E75: 5 | F75: 2 | G75: - | H75: 290 00 | I75: 110 00 | J75: 48.3 | K75: 9 40 | M75: 47.6 | N75: 8.1 | O75: 27 | P75: Stream rises from boulders.
A76: AE | B76: AF | C76: 40 | D76: 5 to water | E76: 3 | F76: 4 | G76: 050 30 | H76: - | I76: 050 30 | J76: 17 | K76: 10 20 | M76: 16.7 | N76: 3 | O76: 35.1 | P76: Stream sinks below boulders.
A77: AF | B77: AG | C77: 30 | D77: 5 | E77: - | F77: 3 | G77: - | H77: 313 00 | I77: 133 00 | J77: 20.2 | K77: 3 00 | M77: 20.2 | N77: 1.1 | O77: 38.1 | P77: AF above waterfall.
A78: AG | B78: AH | C78: 30 | D78: 4 | E78: 4 | F78: ="/" -> / | G78: 195 50 | H78: - | I78: 192 50 | J78: 10.1 | K78: 11 20 | M78: 9.9 | N78: 2 | O78: 39.2
A79: AH | B79: AI | C79: 30 | D79: 3 | E79: 6 | F79: 0 | G79: - | H79: 292 10 | I79: 112 10 | J79: 41.6 | K79: 4 50 | M79: 41.4 | N79: 3.5 | O79: 41.2
A80: AI | B80: AJ | C80: 25 | D80: 3 | E80: 2 | F80: 3 | G80: 138 30 | H80: - | I80: 138 30 | J80: 34.2 | K80: 6 30 | M80: 34 | N80: 3.9 | O80: 44.7
A81: AJ | B81: AK | C81: 10 | D81: 6 | E81: 1 | F81: 2.5 | G81: - | H81: 286 00 | I81: 106 00 | J81: 31.8 | K81: 14 30 | M81: 30.7 | N81: 8 | O81: 48.6
A82: AK | B82: AL | C82: 4 (cascade) | D82: 10 | E82: 4 | F82: 3 | G82: 044 00 | H82: - | I82: 044 00 | J82: 11.3 | K82: ="-0 30" -> -0 30 | M82: 11.3 | N82: -0.1 | O82: 56.6 | P82: AK is below hole into Upper Grottos. Asellus (sp?) present.
A83: AL | O83: 56.5 | P83: Total = 1,918'
A85: 2nd April 1952 | B85: Cono & Roy Blewett
A86: AL | B86: AN | C86: 8 | D86: 6 | E86: 6 | F86: 0 | G86: - | H86: 126 40 | I86: 306 40 | J86: 12.8 | K86: ="-4 30" -> -4 30 | M86: 12.8 | N86: -1 | O86: 56.5 | P86: AL is start of St. Pauls survey
A87: AN | B87: AO | C87: 12 | D87: 4 | E87: 2 | F87: 4 | G87: 025 20 | H87: - | I87: 025 20 | J87: 16.8 | K87: 26 00 | M87: 15.1 | N87: 7.4 | O87: 55.5 | P87: AN is at S. end of lower big pot.
A88: AO | B88: AP | C88: 8 | D88: 6 | E88: 1 | F88: 2 | G88: - | H88: 243 50 | I88: 063 50 | J88: 27.7 | K88: 12 00 | M88: 27.1 | N88: 5.8 | O88: 62.9
A89: AP | B89: AQ | C89: 20 | D89: 4.5 | E89: 1 | F89: 3 | G89: 094 00 | H89: - | I89: 094 00 | J89: 23.2 | K89: 10 30 | M89: 22.8 | N89: 4.1 | O89: 68.7
A90: AQ | B90: AR | C90: 30 | D90: 6 | E90: 0 | F90: 4 | G90: - | H90: 316 00 | I90: 136 00 | J90: 10.7 | K90: ="-5 30" -> -5 30 | M90: 10.6 | N90: -1 | O90: 72.8
A91: AR | B91: AS | C91: 30 | D91: 4 | E91: ="/" -> / | F91: 2 | G91: 012 20 | H91: - | I91: 012 20 | J91: 26.5 | K91: 28 30 | M91: 23.3 | N91: 12.6 | O91: 71.8
A92: AS | B92: AT | C92: 30 | D92: 10 | E92: 6 | F92: 1 | G92: - | H92: 169 30 | I92: 349 30 | J92: 38.6 | K92: 10 30 | M92: 38 | N92: 7 | O92: 84.4
A93: AT | B93: AU | C93: 8 | D93: 13 | E93: 6 | F93: 1 | G93: 321 40 | H93: - | I93: 321 40 | J93: 23.3 | K93: ="-4 00" -> -4 00 | M93: 23.2 | N93: -1.6 | O93: 91.4
A94: AU | B94: AV | C94: 25 | D94: 5 | E94: 2 | F94: 6 | G94: - | H94: 245 30 | I94: 065 30 | J94: 23.3 | K94: 9 00 | M94: 23 | N94: 3.6 | O94: 89.8
A95: AV | B95: AW | C95: 30 | D95: 1.5 | E95: 7 | F95: 8 | G95: 108 30 | H95: - | I95: 108 30 | J95: 24.1 | K95: 27 30 | M95: 21.4 | N95: 11.1 | O95: 93.4 | P95: AV is in middle of upper big pot.
A96: AW | B96: AX | C96: 35 | D96: 6 | E96: 8 | F96: 2 | G96: - | H96: 259 40 | I96: 079 40 | J96: 14.6 | K96: 23 30 | M96: 13.4 | N96: 5.8 | O96: 104.5
A97: AX | B97: AY | C97: 15 | D97: 6 | E97: 10 | F97: 5 | G97: 128 00 | H97: - | I97: 128 00 | J97: 15 | K97: 13 30 | M97: 14.6 | N97: 3.5 | O97: 110.3 | P97: AY is on stumpy stalagmite on cascade on E side of passage.
A98: AY | O98: 113.8 | P98: Total = 2,188'
A100: 14th August '52 | B100: Colin | C100: Contd from P.49. Upper Mud Series
A101: 18 | B101: 19 | C101: 3 | D101: 11 | E101: 2 | F101: 2 | G101: - | H101: - | I101: - | J101: 10.1 | K101: ="-90 00" -> -90 00 | M101: - | N101: -10.1 | O101: 76.4 | P101: 18 is in crack at top of 11 Foot Drop.
A102: 19 | B102: 20 | C102: ="/" -> / | D102: 1 | E102: 3 | F102: 3 | G102: - | H102: 355 00 | I102: 175 00 | J102: 8 | K102: 1 00 | M102: 8 | N102: 0.1 | O102: 66.3 | P102: (sketch of 18 - 24)
A103: 20 | B103: 21 | C103: 3 | D103: 1 | E103: 3 | F103: 2 | G103: 091 00 | H103: - | I103: 091 00 | J103: 24.8 | K103: 23 00 | M103: 22.8 | N103: 9.7 | O103: 66.4
A104: 21 | B104: 22 | C104: 1 | D104: 0.5 | E104: 1.5 | F104: 3 | G104: - | H104: 302 00 | I104: 122 00 | J104: 11.2 | K104: 10 00 | M104: 11 | N104: 1.9 | O104: 76.1
A105: 22 | B105: 23 | C105: 1 | D105: 1 | E105: 2 | F105: 3 | G105: 172 40 | H105: - | I105: 172 40 | J105: 25.5 | K105: ="-9 00" -> -9 00 | M105: 25.2 | N105: -4 | O105: 78
...

Sheet Interpreted Data
A1: =IF('Raw Data'!A1="","",'Raw Data'!A1) -> 21st July 1951 | B1: =IF('Raw Data'!B1="","",'Raw Data'!B1) -> W.I.Stanton | C1: =IF('Raw Data'!C1="","",'Raw Data'!C1) -> SWILDONS HOLE | D1: =IF('Raw Data'!D1="","",'Raw Data'!D1) | E1: =IF('Raw Data'!E1="","",'Raw Data'!E1) -> PDF p.49-50 | F1: =IF('Raw Data'!F1="","",'Raw Data'!F1) | G1: ft per m | H1: 3.28 | I1: =IF('Raw Data'!I1="","",'Raw Data'!I1) | J1: =IF('Raw Data'!J1="","",'Raw Data'!J1) | K1: =IF('Raw Data'!K1="","",'Raw Data'!K1) | Q1: =" " | R1: Reformatted Angles | W1: Calc.
Q2: =" "
A3: =IF('Raw Data'!A3="","",'Raw Data'!A3) | B3: =IF('Raw Data'!B3="","",'Raw Data'!B3) | C3: =IF('Raw Data'!C3="","",'Raw Data'!C3) | D3: =IF('Raw Data'!D3="","",'Raw Data'!D3) | E3: =IF('Raw Data'!E3="","",'Raw Data'!E3) -> Looking Forward | G3: =IF('Raw Data'!G3="","",'Raw Data'!G3) | H3: =IF('Raw Data'!H3="","",'Raw Data'!H3) | I3: =IF('Raw Data'!I3="","",'Raw Data'!I3) | J3: =IF('Raw Data'!J3="","",'Raw Data'!J3) | K3: =IF('Raw Data'!K3="","",'Raw Data'!K3) | Q3: =" "
A4: =IF('Raw Data'!A4="","",'Raw Data'!A4) -> Sta. | B4: =IF('Raw Data'!B4="","",'Raw Data'!B4) -> Sta. | C4: =IF('Raw Data'!C4="","",'Raw Data'!C4) -> Ht Rf | D4: =IF('Raw Data'!D4="","",'Raw Data'!D4) -> Dp Fl | E4: =IF('Raw Data'!E4="","",'Raw Data'!E4) -> Width L | F4: =IF('Raw Data'!F4="","",'Raw Data'!F4) -> Width R | G4: =IF('Raw Data'!G4="","",'Raw Data'!G4) -> FS | H4: =IF('Raw Data'!H4="","",'Raw Data'!H4) -> BS | ... O4: =IF('Raw Data'!O4="","",'Raw Data'!O4) -> Dp. Below sump I | Q4: =" " | R4: =G4 -> FS | S4: =H4 -> BS | T4: =I4 -> Bearing | U4: =K4 -> Fore Clino | W4: Horz. Dist. | X4: Vert. Dist. | Y4: Bearing from FS/BS
A5: =IF('Raw Data'!A5="","",'Raw Data'!A5) -> A | B5: =IF('Raw Data'!B5="","",'Raw Data'!B5) -> B | C5: =IF('Raw Data'!C5="","",'Raw Data'!C5) -> 20 | D5: =IF('Raw Data'!D5="","",'Raw Data'!D5) -> - | E5: =IF('Raw Data'!E5="","",'Raw Data'!E5) -> 4 | F5: =IF('Raw Data'!F5="","",'Raw Data'!F5) -> 4(19' in aven) | G5: =IF('Raw Data'!G5="","",SUBSTITUTE('Raw Data'!G5," ",":",1)) -> - | H5: =IF('Raw Data'!H5="","",SUBSTITUTE('Raw Data'!H5," ",":",1)) -> 103 | I5: =IF('Raw Data'!I5="","",SUBSTITUTE('Raw Data'!I5," ",":",1)) -> 283 | J5: =IF('Raw Data'!J5="","",IF(LEN(K5)>6,SQRT('Raw Data'!J5^2+N5^2),'Raw Data'!J5)) -> 21 | K5: =IF('Raw Data'!K5="","",IF(LEN('Raw Data'!K5)<7,SUBSTITUTE('Raw Data'!K5," ",":",1),'Raw Data'!K5)) -> 8:30 | L5: =IF('Raw Data'!L5="","",'Raw Data'!L5) | M5: =IF('Raw Data'!M5="","",'Raw Data'!M5) -> 20.8 | N5: =IF('Raw Data'!N5="","",IF('Raw Data'!N5="-",0,'Raw Data'!N5)) -> 3.1 | O5: =IF('Raw Data'!O5="","",'Raw Data'!O5) | P5: =IF('Raw Data'!P5="","",'Raw Data'!P5) -> A is at the base of the cable spike on the downstream side of Sump I | Q5: =" " | R5: =IF(ISERROR(FIND(":",G5)),IF(G5<>"-",1*G5,G5),1*LEFT(G5,FIND(":",G5)-1)+RIGHT(G5,LEN(G5)-FIND(":",G5))/60) -> - | S5: =IF(ISERROR(FIND(":",H5)),IF(H5<>"-",1*H5,H5),1*LEFT(H5,FIND(":",H5)-1)+RIGHT(H5,LEN(H5)-FIND(":",H5))/60) -> 103 | T5: =IF(ISERROR(FIND(":",I5)),IF(I5<>"-",1*I5,I5),1*LEFT(I5,FIND(":",I5)-1)+RIGHT(I5,LEN(I5)-FIND(":",I5))/60) -> 283 | U5: =IF(ISERROR(FIND(":",K5)),K5,1*CONCATENATE(LEFT(K5,FIND(":",K5)-1),".",MID(RIGHT(K5,LEN(K5)-FIND(":",K5))/60,3,8))) -> 8.5 | W5: =J5*COS(U5*PI()/180) -> 20.769333 | X5: =J5*SIN(U5*PI()/180) -> 3.1039976 | Y5: =IF(R5="-",IF(S5>180,S5-180,S5+180),R5) -> 283
A6: =IF('Raw Data'!A6="","",'Raw Data'!A6) -> B | B6: =IF('Raw Data'!B6="","",'Raw Data'!B6) -> C | C6: =IF('Raw Data'!C6="","",'Raw Data'!C6) -> 6 | D6: =IF('Raw Data'!D6="","",'Raw Data'!D6) -> 3.5 | E6: =IF('Raw Data'!E6="","",'Raw Data'!E6) -> 3 | F6: =IF('Raw Data'!F6="","",'Raw Data'!F6) -> 6 | G6: =IF('Raw Data'!G6="","",SUBSTITUTE('Raw Data'!G6," ",":",1)) -> 322:30 | H6: =IF('Raw Data'!H6="","",SUBSTITUTE('Raw Data'!H6," ",":",1)) -> - | I6: =IF('Raw Data'!I6="","",SUBSTITUTE('Raw Data'!I6," ",":",1)) -> 322:30 | J6: =IF('Raw Data'!J6="","",IF(LEN(K6)>6,SQRT('Raw Data'!J6^2+N6^2),'Raw Data'!J6)) -> 27 | K6: =IF('Raw Data'!K6="","",IF(LEN('Raw Data'!K6)<7,SUBSTITUTE('Raw Data'!K6," ",":",1),'Raw Data'!K6)) -> -9:30 | L6: =IF('Raw Data'!L6="","",'Raw Data'!L6) | M6: =IF('Raw Data'!M6="","",'Raw Data'!M6) -> 26.7 | N6: =IF('Raw Data'!N6="","",IF('Raw Data'!N6="-",0,'Raw Data'!N6)) -> -4.5 | O6: =IF('Raw Data'!O6="","",'Raw Data'!O6) -> 3.1 | P6: =IF('Raw Data'!P6="","",'Raw Data'!P6) -> B is on a rock at upstream end of pool | Q6: =" " | R6: =IF(ISERROR(FIND(":",G6)),IF(G6<>"-",1*G6,G6),1*LEFT(G6,FIND(":",G6)-1)+RIGHT(G6,LEN(G6)-FIND(":",G6))/60) -> 322.5 | S6: =IF(ISERROR(FIND(":",H6)),IF(H6<>"-",1*H6,H6),1*LEFT(H6,FIND(":",H6)-1)+RIGHT(H6,LEN(H6)-FIND(":",H6))/60) -> - | T6: =IF(ISERROR(FIND(":",I6)),IF(I6<>"-",1*I6,I6),1*LEFT(I6,FIND(":",I6)-1)+RIGHT(I6,LEN(I6)-FIND(":",I6))/60) -> 322.5 | U6: =IF(ISERROR(FIND(":",K6)),K6,1*CONCATENATE(LEFT(K6,FIND(":",K6)-1),".",MID(RIGHT(K6,LEN(K6)-FIND(":",K6))/60,3,8))) -> -9.5 | W6: =J6*COS(U6*PI()/180) -> 26.629711 | X6: =J6*SIN(U6*PI()/180) -> -4.4562854 | Y6: =IF(R6="-",IF(S6>180,S6-180,S6+180),R6) -> 322.5
A7: =IF('Raw Data'!A7="","",'Raw Data'!A7) -> C | B7: =IF('Raw Data'!B7="","",'Raw Data'!B7) -> D | C7: =IF('Raw Data'!C7="","",'Raw Data'!C7) -> 7 | D7: =IF('Raw Data'!D7="","",'Raw Data'!D7) -> - | E7: =IF('Raw Data'!E7="","",'Raw Data'!E7) -> 4 | F7: =IF('Raw Data'!F7="","",'Raw Data'!F7) -> 2 | G7: =IF('Raw Data'!G7="","",SUBSTITUTE('Raw Data'!G7," ",":",1)) -> - | H7: =IF('Raw Data'!H7="","",SUBSTITUTE('Raw Data'!H7," ",":",1)) -> 83 | I7: =IF('Raw Data'!I7="","",SUBSTITUTE('Raw Data'!I7," ",":",1)) -> 263 | J7: =IF('Raw Data'!J7="","",IF(LEN(K7)>6,SQRT('Raw Data'!J7^2+N7^2),'Raw Data'!J7)) -> 37.030393 | K7: =IF('Raw Data'!K7="","",IF(LEN('Raw Data'!K7)<7,SUBSTITUTE('Raw Data'!K7," ",":",1),'Raw Data'!K7)) -> rise of 1.5 feet | L7: =IF('Raw Data'!L7="","",'Raw Data'!L7) | M7: =IF('Raw Data'!M7="","",'Raw Data'!M7) -> 37 | N7: =IF('Raw Data'!N7="","",IF('Raw Data'!N7="-",0,'Raw Data'!N7)) -> 1.5 | O7: =IF('Raw Data'!O7="","",'Raw Data'!O7) -> -1.4 | P7: =IF('Raw Data'!P7="","",'Raw Data'!P7) -> C is on edge of pool 10' before Duck I | Q7: =" " | R7: =IF(ISERROR(FIND(":",G7)),IF(G7<>"-",1*G7,G7),1*LEFT(G7,FIND(":",G7)-1)+RIGHT(G7,LEN(G7)-FIND(":",G7))/60) -> - | S7: =IF(ISERROR(FIND(":",H7)),IF(H7<>"-",1*H7,H7),1*LEFT(H7,FIND(":",H7)-1)+RIGHT(H7,LEN(H7)-FIND(":",H7))/60) -> 83 | T7: =IF(ISERROR(FIND(":",I7)),IF(I7<>"-",1*I7,I7),1*LEFT(I7,FIND(":",I7)-1)+RIGHT(I7,LEN(I7)-FIND(":",I7))/60) -> 263 | U7: =ASIN(N7/J7)*180/PI() -> 2.3215306 | W7: =J7*COS(U7*PI()/180) -> 37 | X7: =J7*SIN(U7*PI()/180) -> 1.5 | Y7: =IF(R7="-",IF(S7>180,S7-180,S7+180),R7) -> 263
A8: =IF('Raw Data'!A8="","",'Raw Data'!A8) -> D | B8: =IF('Raw Data'!B8="","",'Raw Data'!B8) -> E | C8: =IF('Raw Data'!C8="","",'Raw Data'!C8) -> 25 | D8: =IF('Raw Data'!D8="","",'Raw Data'!D8) -> 2 | E8: =IF('Raw Data'!E8="","",'Raw Data'!E8) -> - | F8: =IF('Raw Data'!F8="","",'Raw Data'!F8) -> 10 | G8: =IF('Raw Data'!G8="","",SUBSTITUTE('Raw Data'!G8," ",":",1)) -> 192:30 | H8: =IF('Raw Data'!H8="","",SUBSTITUTE('Raw Data'!H8," ",":",1)) -> - | I8: =IF('Raw Data'!I8="","",SUBSTITUTE('Raw Data'!I8," ",":",1)) -> 192:30 | J8: =IF('Raw Data'!J8="","",IF(LEN(K8)>6,SQRT('Raw Data'!J8^2+N8^2),'Raw Data'!J8)) -> 16.2 | K8: =IF('Raw Data'!K8="","",IF(LEN('Raw Data'!K8)<7,SUBSTITUTE('Raw Data'!K8," ",":",1),'Raw Data'!K8)) -> 4:30 | L8: =IF('Raw Data'!L8="","",'Raw Data'!L8) | M8: =IF('Raw Data'!M8="","",'Raw Data'!M8) -> 16.1 | N8: =IF('Raw Data'!N8="","",IF('Raw Data'!N8="-",0,'Raw Data'!N8)) -> 1.3 | O8: =IF('Raw Data'!O8="","",'Raw Data'!O8) -> 0.1 | P8: =IF('Raw Data'!P8="","",'Raw Data'!P8) -> D is in stream. Big rock (start of New Series survey) 10' away at 350 (deg). Big passage starts as continuation of Howards Dig. | Q8: =" " | R8: =IF(ISERROR(FIND(":",G8)),IF(G8<>"-",1*G8,G8),1*LEFT(G8,FIND(":",G8)-1)+RIGHT(G8,LEN(G8)-FIND(":",G8))/60) -> 192.5 | S8: =IF(ISERROR(FIND(":",H8)),IF(H8<>"-",1*H8,H8),1*LEFT(H8,FIND(":",H8)-1)+RIGHT(H8,LEN(H8)-FIND(":",H8))/60) -> - | T8: =IF(ISERROR(FIND(":",I8)),IF(I8<>"-",1*I8,I8),1*LEFT(I8,FIND(":",I8)-1)+RIGHT(I8,LEN(I8)-FIND(":",I8))/60) -> 192.5 | U8: =IF(ISERROR(FIND(":",K8)),K8,1*CONCATENATE(LEFT(K8,FIND(":",K8)-1),".",MID(RIGHT(K8,LEN(K8)-FIND(":",K8))/60,3,8))) -> 4.5 | W8: =J8*COS(U8*PI()/180) -> 16.150061 | X8: =J8*SIN(U8*PI()/180) -> 1.2710374 | Y8: =IF(R8="-",IF(S8>180,S8-180,S8+180),R8) -> 192.5
A9: =IF('Raw Data'!A9="","",'Raw Data'!A9) -> E | B9: =IF('Raw Data'!B9="","",'Raw Data'!B9) -> F | C9: =IF('Raw Data'!C9="","",'Raw Data'!C9) -> 25 | D9: =IF('Raw Data'!D9="","",'Raw Data'!D9) -> 4.5 | E9: =IF('Raw Data'!E9="","",'Raw Data'!E9) -> 6 | F9: =IF('Raw Data'!F9="","",'Raw Data'!F9) -> - | G9: =IF('Raw Data'!G9="","",SUBSTITUTE('Raw Data'!G9," ",":",1)) -> - | H9: =IF('Raw Data'!H9="","",SUBSTITUTE('Raw Data'!H9," ",":",1)) -> 78 | I9: =IF('Raw Data'!I9="","",SUBSTITUTE('Raw Data'!I9," ",":",1)) -> 258 | J9: =IF('Raw Data'!J9="","",IF(LEN(K9)>6,SQRT('Raw Data'!J9^2+N9^2),'Raw Data'!J9)) -> 47 | K9: =IF('Raw Data'!K9="","",IF(LEN('Raw Data'!K9)<7,SUBSTITUTE('Raw Data'!K9," ",":",1),'Raw Data'!K9)) -> -5:30 | L9: =IF('Raw Data'!L9="","",'Raw Data'!L9) | M9: =IF('Raw Data'!M9="","",'Raw Data'!M9) -> 46.8 | N9: =IF('Raw Data'!N9="","",IF('Raw Data'!N9="-",0,'Raw Data'!N9)) -> -4.5 | O9: =IF('Raw Data'!O9="","",'Raw Data'!O9) -> 1.4 | P9: =IF('Raw Data'!P9="","",'Raw Data'!P9) | Q9: =" " | R9: =IF(ISERROR(FIND(":",G9)),IF(G9<>"-",1*G9,G9),1*LEFT(G9,FIND(":",G9)-1)+RIGHT(G9,LEN(G9)-FIND(":",G9))/60) -> - | S9: =IF(ISERROR(FIND(":",H9)),IF(H9<>"-",1*H9,H9),1*LEFT(H9,FIND(":",H9)-1)+RIGHT(H9,LEN(H9)-FIND(":",H9))/60) -> 78 | T9: =IF(ISERROR(FIND(":",I9)),IF(I9<>"-",1*I9,I9),1*LEFT(I9,FIND(":",I9)-1)+RIGHT(I9,LEN(I9)-FIND(":",I9))/60) -> 258 | U9: =IF(ISERROR(FIND(":",K9)),K9,1*CONCATENATE(LEFT(K9,FIND(":",K9)-1),".",MID(RIGHT(K9,LEN(K9)-FIND(":",K9))/60,3,8))) -> -5.5 | W9: =J9*COS(U9*PI()/180) -> 46.783621 | X9: =J9*SIN(U9*PI()/180) -> -4.5047504 | Y9: =IF(R9="-",IF(S9>180,S9-180,S9+180),R9) -> 258
A10: =IF('Raw Data'!A10="","",'Raw Data'!A10) -> F | B10: =IF('Raw Data'!B10="","",'Raw Data'!B10) -> G | C10: =IF('Raw Data'!C10="","",'Raw Data'!C10) -> 4 | D10: =IF('Raw Data'!D10="","",'Raw Data'!D10) -> 2 | E10: =IF('Raw Data'!E10="","",'Raw Data'!E10) -> 0.5 | F10: =IF('Raw Data'!F10="","",'Raw Data'!F10) -> 3 (30 in B.Place(?)) | G10: =IF('Raw Data'!G10="","",SUBSTITUTE('Raw Data'!G10," ",":",1)) -> 292 | H10: =IF('Raw Data'!H10="","",SUBSTITUTE('Raw Data'!H10," ",":",1)) -> - | I10: =IF('Raw Data'!I10="","",SUBSTITUTE('Raw Data'!I10," ",":",1)) -> 292 | J10: =IF('Raw Data'!J10="","",IF(LEN(K10)>6,SQRT('Raw Data'!J10^2+N10^2),'Raw Data'!J10)) -> 48.06506 | K10: =IF('Raw Data'!K10="","",IF(LEN('Raw Data'!K10)<7,SUBSTITUTE('Raw Data'!K10," ",":",1),'Raw Data'!K10)) -> fall of 2.5 feet | L10: =IF('Raw Data'!L10="","",'Raw Data'!L10) | M10: =IF('Raw Data'!M10="","",'Raw Data'!M10) -> 48 | N10: =IF('Raw Data'!N10="","",IF('Raw Data'!N10="-",0,'Raw Data'!N10)) -> -2.5 | O10: =IF('Raw Data'!O10="","",'Raw Data'!O10) -> -3.1 | P10: =IF('Raw Data'!P10="","",'Raw Data'!P10) -> At 40' the roof lowers suddenly to Creep I. The big Bedding Plane passage comes in on the right, from -5' to 40' | Q10: =" " | R10: =IF(ISERROR(FIND(":",G10)),IF(G10<>"-",1*G10,G10),1*LEFT(G10,FIND(":",G10)-1)+RIGHT(G10,LEN(G10)-FIND(":",G10))/60) -> 292 | S10: =IF(ISERROR(FIND(":",H10)),IF(H10<>"-",1*H10,H10),1*LEFT(H10,FIND(":",H10)-1)+RIGHT(H10,LEN(H10)-FIND(":",H10))/60) -> - | T10: =IF(ISERROR(FIND(":",I10)),IF(I10<>"-",1*I10,I10),1*LEFT(I10,FIND(":",I10)-1)+RIGHT(I10,LEN(I10)-FIND(":",I10))/60) -> 292 | U10: =ASIN(N10/J10)*180/PI() -> -2.9814612 | W10: =J10*COS(U10*PI()/180) -> 48 | X10: =J10*SIN(U10*PI()/180) -> -2.5 | Y10: =IF(R10="-",IF(S10>180,S10-180,S10+180),R10) -> 292
A11: =IF('Raw Data'!A11="","",'Raw Data'!A11) -> G | B11: =IF('Raw Data'!B11="","",'Raw Data'!B11) -> H | C11: =IF('Raw Data'!C11="","",'Raw Data'!C11) -> 2.5 | D11: =IF('Raw Data'!D11="","",'Raw Data'!D11) -> 0.5 | E11: =IF('Raw Data'!E11="","",'Raw Data'!E11) -> 3.5 | F11: =IF('Raw Data'!F11="","",'Raw Data'!F11) -> 7 | G11: =IF('Raw Data'!G11="","",SUBSTITUTE('Raw Data'!G11," ",":",1)) -> - | H11: =IF('Raw Data'!H11="","",SUBSTITUTE('Raw Data'!H11," ",":",1)) -> 159 | I11: =IF('Raw Data'!I11="","",SUBSTITUTE('Raw Data'!I11," ",":",1)) -> 339 | J11: =IF('Raw Data'!J11="","",IF(LEN(K11)>6,SQRT('Raw Data'!J11^2+N11^2),'Raw Data'!J11)) -> 36 | K11: =IF('Raw Data'!K11="","",IF(LEN('Raw Data'!K11)<7,SUBSTITUTE('Raw Data'!K11," ",":",1),'Raw Data'!K11)) -> level | L11: =IF('Raw Data'!L11="","",'Raw Data'!L11) | M11: =IF('Raw Data'!M11="","",'Raw Data'!M11) -> 36 | N11: =IF('Raw Data'!N11="","",IF('Raw Data'!N11="-",0,'Raw Data'!N11)) -> 0 | O11: =IF('Raw Data'!O11="","",'Raw Data'!O11) -> -5.6 | P11: =IF('Raw Data'!P11="","",'Raw Data'!P11) | Q11: =" " | R11: =IF(ISERROR(FIND(":",G11)),IF(G11<>"-",1*G11,G11),1*LEFT(G11,FIND(":",G11)-1)+RIGHT(G11,LEN(G11)-FIND(":",G11))/60) -> - | S11: =IF(ISERROR(FIND(":",H11)),IF(H11<>"-",1*H11,H11),1*LEFT(H11,FIND(":",H11)-1)+RIGHT(H11,LEN(H11)-FIND(":",H11))/60) -> 159 | T11: =IF(ISERROR(FIND(":",I11)),IF(I11<>"-",1*I11,I11),1*LEFT(I11,FIND(":",I11)-1)+RIGHT(I11,LEN(I11)-FIND(":",I11))/60) -> 339 | U11: =ASIN(N11/J11)*180/PI() -> 0 | W11: =J11*COS(U11*PI()/180) -> 36 | X11: =J11*SIN(U11*PI()/180) -> 0 | Y11: =IF(R11="-",IF(S11>180,S11-180,S11+180),R11) -> 339
A12: =IF('Raw Data'!A12="","",'Raw Data'!A12) -> H | B12: =IF('Raw Data'!B12="","",'Raw Data'!B12) -> I | C12: =IF('Raw Data'!C12="","",'Raw Data'!C12) -> 15 | D12: =IF('Raw Data'!D12="","",'Raw Data'!D12) -> 1 | E12: =IF('Raw Data'!E12="","",'Raw Data'!E12) -> 10 | F12: =IF('Raw Data'!F12="","",'Raw Data'!F12) -> 3 | G12: =IF('Raw Data'!G12="","",SUBSTITUTE('Raw Data'!G12," ",":",1)) -> 247 | H12: =IF('Raw Data'!H12="","",SUBSTITUTE('Raw Data'!H12," ",":",1)) -> - | I12: =IF('Raw Data'!I12="","",SUBSTITUTE('Raw Data'!I12," ",":",1)) -> 247 | J12: =IF('Raw Data'!J12="","",IF(LEN(K12)>6,SQRT('Raw Data'!J12^2+N12^2),'Raw Data'!J12)) -> 31 | K12: =IF('Raw Data'!K12="","",IF(LEN('Raw Data'!K12)<7,SUBSTITUTE('Raw Data'!K12," ",":",1),'Raw Data'!K12)) -> -2:30 | L12: =IF('Raw Data'!L12="","",'Raw Data'!L12) | M12: =IF('Raw Data'!M12="","",'Raw Data'!M12) -> 31 | N12: =IF('Raw Data'!N12="","",IF('Raw Data'!N12="-",0,'Raw Data'!N12)) -> -1.3 | O12: =IF('Raw Data'!O12="","",'Raw Data'!O12) -> -5.6 | P12: =IF('Raw Data'!P12="","",'Raw Data'!P12) | Q12: =" " | R12: =IF(ISERROR(FIND(":",G12)),IF(G12<>"-",1*G12,G12),1*LEFT(G12,FIND(":",G12)-1)+RIGHT(G12,LEN(G12)-FIND(":",G12))/60) -> 247 | S12: =IF(ISERROR(FIND(":",H12)),IF(H12<>"-",1*H12,H12),1*LEFT(H12,FIND(":",H12)-1)+RIGHT(H12,LEN(H12)-FIND(":",H12))/60) -> - | T12: =IF(ISERROR(FIND(":",I12)),IF(I12<>"-",1*I12,I12),1*LEFT(I12,FIND(":",I12)-1)+RIGHT(I12,LEN(I12)-FIND(":",I12))/60) -> 247 | U12: =IF(ISERROR(FIND(":",K12)),K12,1*CONCATENATE(LEFT(K12,FIND(":",K12)-1),".",MID(RIGHT(K12,LEN(K12)-FIND(":",K12))/60,3,8))) -> -2.5 | W12: =J12*COS(U12*PI()/180) -> 30.970495 | X12: =J12*SIN(U12*PI()/180) -> -1.352201 | Y12: =IF(R12="-",IF(S12>180,S12-180,S12+180),R12) -> 247
A13: =IF('Raw Data'!A13="","",'Raw Data'!A13) -> I | B13: =IF('Raw Data'!B13="","",'Raw Data'!B13) -> J | C13: =IF('Raw Data'!C13="","",'Raw Data'!C13) -> 15 | D13: =IF('Raw Data'!D13="","",'Raw Data'!D13) -> 1 | E13: =IF('Raw Data'!E13="","",'Raw Data'!E13) -> 8 | F13: =IF('Raw Data'!F13="","",'Raw Data'!F13) -> 2 | G13: =IF('Raw Data'!G13="","",SUBSTITUTE('Raw Data'!G13," ",":",1)) -> - | H13: =IF('Raw Data'!H13="","",SUBSTITUTE('Raw Data'!H13," ",":",1)) -> 95 | I13: =IF('Raw Data'!I13="","",SUBSTITUTE('Raw Data'!I13," ",":",1)) -> 275 | J13: =IF('Raw Data'!J13="","",IF(LEN(K13)>6,SQRT('Raw Data'!J13^2+N13^2),'Raw Data'!J13)) -> 26 | K13: =IF('Raw Data'!K13="","",IF(LEN('Raw Data'!K13)<7,SUBSTITUTE('Raw Data'!K13," ",":",1),'Raw Data'!K13)) -> 2 | L13: =IF('Raw Data'!L13="","",'Raw Data'!L13) | M13: =IF('Raw Data'!M13="","",'Raw Data'!M13) -> 26 | N13: =IF('Raw Data'!N13="","",IF('Raw Data'!N13="-",0,'Raw Data'!N13)) -> 0.9 | O13: =IF('Raw Data'!O13="","",'Raw Data'!O13) -> -6.9 | P13: =IF('Raw Data'!P13="","",'Raw Data'!P13) | Q13: =" " | R13: =IF(ISERROR(FIND(":",G13)),IF(G13<>"-",1*G13,G13),1*LEFT(G13,FIND(":",G13)-1)+RIGHT(G13,LEN(G13)-FIND(":",G13))/60) -> - | S13: =IF(ISERROR(FIND(":",H13)),IF(H13<>"-",1*H13,H13),1*LEFT(H13,FIND(":",H13)-1)+RIGHT(H13,LEN(H13)-FIND(":",H13))/60) -> 95 | T13: =IF(ISERROR(FIND(":",I13)),IF(I13<>"-",1*I13,I13),1*LEFT(I13,FIND(":",I13)-1)+RIGHT(I13,LEN(I13)-FIND(":",I13))/60) -> 275 | U13: =IF(ISERROR(FIND(":",K13)),K13,1*CONCATENATE(LEFT(K13,FIND(":",K13)-1),".",MID(RIGHT(K13,LEN(K13)-FIND(":",K13))/60,3,8))) -> 2 | W13: =J13*COS(U13*PI()/180) -> 25.984162 | X13: =J13*SIN(U13*PI()/180) -> 0.90738691 | Y13: =IF(R13="-",IF(S13>180,S13-180,S13+180),R13) -> 275
A14: =IF('Raw Data'!A14="","",'Raw Data'!A14) -> J | B14: =IF('Raw Data'!B14="","",'Raw Data'!B14) -> K | C14: =IF('Raw Data'!C14="","",'Raw Data'!C14) -> 8 | D14: =IF('Raw Data'!D14="","",'Raw Data'!D14) -> 3 | E14: =IF('Raw Data'!E14="","",'Raw Data'!E14) -> 1 | F14: =IF('Raw Data'!F14="","",'Raw Data'!F14) -> 2 | G14: =IF('Raw Data'!G14="","",SUBSTITUTE('Raw Data'!G14," ",":",1)) -> 320 | H14: =IF('Raw Data'!H14="","",SUBSTITUTE('Raw Data'!H14," ",":",1)) -> - | I14: =IF('Raw Data'!I14="","",SUBSTITUTE('Raw Data'!I14," ",":",1)) -> 320 | J14: =IF('Raw Data'!J14="","",IF(LEN(K14)>6,SQRT('Raw Data'!J14^2+N14^2),'Raw Data'!J14)) -> 26.5 | K14: =IF('Raw Data'!K14="","",IF(LEN('Raw Data'!K14)<7,SUBSTITUTE('Raw Data'!K14," ",":",1),'Raw Data'!K14)) -> 1 | L14: =IF('Raw Data'!L14="","",'Raw Data'!L14) | M14: =IF('Raw Data'!M14="","",'Raw Data'!M14) -> 26.5 | N14: =IF('Raw Data'!N14="","",IF('Raw Data'!N14="-",0,'Raw Data'!N14)) -> 0.5 | O14: =IF('Raw Data'!O14="","",'Raw Data'!O14) -> -6 | P14: =IF('Raw Data'!P14="","",'Raw Data'!P14) -> Pots | Q14: =" " | R14: =IF(ISERROR(FIND(":",G14)),IF(G14<>"-",1*G14,G14),1*LEFT(G14,FIND(":",G14)-1)+RIGHT(G14,LEN(G14)-FIND(":",G14))/60) -> 320 | S14: =IF(ISERROR(FIND(":",H14)),IF(H14<>"-",1*H14,H14),1*LEFT(H14,FIND(":",H14)-1)+RIGHT(H14,LEN(H14)-FIND(":",H14))/60) -> - | T14: =IF(ISERROR(FIND(":",I14)),IF(I14<>"-",1*I14,I14),1*LEFT(I14,FIND(":",I14)-1)+RIGHT(I14,LEN(I14)-FIND(":",I14))/60) -> 320 | U14: =IF(ISERROR(FIND(":",K14)),K14,1*CONCATENATE(LEFT(K14,FIND(":",K14)-1),".",MID(RIGHT(K14,LEN(K14)-FIND(":",K14))/60,3,8))) -> 1 | W14: =J14*COS(U14*PI()/180) -> 26.495964 | X14: =J14*SIN(U14*PI()/180) -> 0.46248877 | Y14: =IF(R14="-",IF(S14>180,S14-180,S14+180),R14) -> 320
A15: =IF('Raw Data'!A15="","",'Raw Data'!A15) -> K | B15: =IF('Raw Data'!B15="","",'Raw Data'!B15) -> L | C15: =IF('Raw Data'!C15="","",'Raw Data'!C15) -> 25 | D15: =IF('Raw Data'!D15="","",'Raw Data'!D15) -> 4.5 | E15: =IF('Raw Data'!E15="","",'Raw Data'!E15) -> - | F15: =IF('Raw Data'!F15="","",'Raw Data'!F15) -> 4 | G15: =IF('Raw Data'!G15="","",SUBSTITUTE('Raw Data'!G15," ",":",1)) -> - | H15: =IF('Raw Data'!H15="","",SUBSTITUTE('Raw Data'!H15," ",":",1)) -> 193 | I15: =IF('Raw Data'!I15="","",SUBSTITUTE('Raw Data'!I15," ",":",1)) -> 13 | J15: =IF('Raw Data'!J15="","",IF(LEN(K15)>6,SQRT('Raw Data'!J15^2+N15^2),'Raw Data'!J15)) -> 17.5 | K15: =IF('Raw Data'!K15="","",IF(LEN('Raw Data'!K15)<7,SUBSTITUTE('Raw Data'!K15," ",":",1),'Raw Data'!K15)) -> -9 | L15: =IF('Raw Data'!L15="","",'Raw Data'!L15) | M15: =IF('Raw Data'!M15="","",'Raw Data'!M15) -> 17.3 | N15: =IF('Raw Data'!N15="","",IF('Raw Data'!N15="-",0,'Raw Data'!N15)) -> -2.7 | O15: =IF('Raw Data'!O15="","",'Raw Data'!O15) -> -5.5 | P15: =IF('Raw Data'!P15="","",'Raw Data'!P15) -> Pots | Q15: =" " | R15: =IF(ISERROR(FIND(":",G15)),IF(G15<>"-",1*G15,G15),1*LEFT(G15,FIND(":",G15)-1)+RIGHT(G15,LEN(G15)-FIND(":",G15))/60) -> - | S15: =IF(ISERROR(FIND(":",H15)),IF(H15<>"-",1*H15,H15),1*LEFT(H15,FIND(":",H15)-1)+RIGHT(H15,LEN(H15)-FIND(":",H15))/60) -> 193 | T15: =IF(ISERROR(FIND(":",I15)),IF(I15<>"-",1*I15,I15),1*LEFT(I15,FIND(":",I15)-1)+RIGHT(I15,LEN(I15)-FIND(":",I15))/60) -> 13 | U15: =IF(ISERROR(FIND(":",K15)),K15,1*CONCATENATE(LEFT(K15,FIND(":",K15)-1),".",MID(RIGHT(K15,LEN(K15)-FIND(":",K15))/60,3,8))) -> -9 | W15: =J15*COS(U15*PI()/180) -> 17.284546 | X15: =J15*SIN(U15*PI()/180) -> -2.7376031 | Y15: =IF(R15="-",IF(S15>180,S15-180,S15+180),R15) -> 13
A16: =IF('Raw Data'!A16="","",'Raw Data'!A16) -> L | B16: =IF('Raw Data'!B16="","",'Raw Data'!B16) -> M | C16: =IF('Raw Data'!C16="","",'Raw Data'!C16) -> 20 | D16: =IF('Raw Data'!D16="","",'Raw Data'!D16) -> 3 | E16: =IF('Raw Data'!E16="","",'Raw Data'!E16) -> 2 | F16: =IF('Raw Data'!F16="","",'Raw Data'!F16) -> 2 | G16: =IF('Raw Data'!G16="","",SUBSTITUTE('Raw Data'!G16," ",":",1)) -> 299 | H16: =IF('Raw Data'!H16="","",SUBSTITUTE('Raw Data'!H16," ",":",1)) -> - | I16: =IF('Raw Data'!I16="","",SUBSTITUTE('Raw Data'!I16," ",":",1)) -> 299 | J16: =IF('Raw Data'!J16="","",IF(LEN(K16)>6,SQRT('Raw Data'!J16^2+N16^2),'Raw Data'!J16)) -> 33 | K16: =IF('Raw Data'!K16="","",IF(LEN('Raw Data'!K16)<7,SUBSTITUTE('Raw Data'!K16," ",":",1),'Raw Data'!K16)) -> -3 | L16: =IF('Raw Data'!L16="","",'Raw Data'!L16) | M16: =IF('Raw Data'!M16="","",'Raw Data'!M16) -> 33 | N16: =IF('Raw Data'!N16="","",IF('Raw Data'!N16="-",0,'Raw Data'!N16)) -> -1.7 | O16: =IF('Raw Data'!O16="","",'Raw Data'!O16) -> -8.2 | P16: =IF('Raw Data'!P16="","",'Raw Data'!P16) -> L is at foot of climb to Approach passage. Clay fill remains 6' up on left wall. | Q16: =" " | R16: =IF(ISERROR(FIND(":",G16)),IF(G16<>"-",1*G16,G16),1*LEFT(G16,FIND(":",G16)-1)+RIGHT(G16,LEN(G16)-FIND(":",G16))/60) -> 299 | S16: =IF(ISERROR(FIND(":",H16)),IF(H16<>"-",1*H16,H16),1*LEFT(H16,FIND(":",H16)-1)+RIGHT(H16,LEN(H16)-FIND(":",H16))/60) -> - | T16: =IF(ISERROR(FIND(":",I16)),IF(I16<>"-",1*I16,I16),1*LEFT(I16,FIND(":",I16)-1)+RIGHT(I16,LEN(I16)-FIND(":",I16))/60) -> 299 | U16: =IF(ISERROR(FIND(":",K16)),K16,1*CONCATENATE(LEFT(K16,FIND(":",K16)-1),".",MID(RIGHT(K16,LEN(K16)-FIND(":",K16))/60,3,8))) -> -3 | W16: =J16*COS(U16*PI()/180) -> 32.954775 | X16: =J16*SIN(U16*PI()/180) -> -1.7270866 | Y16: =IF(R16="-",IF(S16>180,S16-180,S16+180),R16) -> 299
A17: =IF('Raw Data'!A17="","",'Raw Data'!A17) -> M | B17: =IF('Raw Data'!B17="","",'Raw Data'!B17) -> N | C17: =IF('Raw Data'!C17="","",'Raw Data'!C17) -> 15 | D17: =IF('Raw Data'!D17="","",'Raw Data'!D17) -> 7 | E17: =IF('Raw Data'!E17="","",'Raw Data'!E17) -> 4 | F17: =IF('Raw Data'!F17="","",'Raw Data'!F17) -> - | G17: =IF('Raw Data'!G17="","",SUBSTITUTE('Raw Data'!G17," ",":",1)) -> - | H17: =IF('Raw Data'!H17="","",SUBSTITUTE('Raw Data'!H17," ",":",1)) -> 142 | I17: =IF('Raw Data'!I17="","",SUBSTITUTE('Raw Data'!I17," ",":",1)) -> 322 | J17: =IF('Raw Data'!J17="","",IF(LEN(K17)>6,SQRT('Raw Data'!J17^2+N17^2),'Raw Data'!J17)) -> 43 | K17: =IF('Raw Data'!K17="","",IF(LEN('Raw Data'!K17)<7,SUBSTITUTE('Raw Data'!K17," ",":",1),'Raw Data'!K17)) -> -7.3 | L17: =IF('Raw Data'!L17="","",'Raw Data'!L17) | M17: =IF('Raw Data'!M17="","",'Raw Data'!M17) -> 42.7 | N17: =IF('Raw Data'!N17="","",IF('Raw Data'!N17="-",0,'Raw Data'!N17)) -> -5.6 | O17: =IF('Raw Data'!O17="","",'Raw Data'!O17) -> -9.9 | P17: =IF('Raw Data'!P17="","",'Raw Data'!P17) -> Pots | Q17: =" " | R17: =IF(ISERROR(FIND(":",G17)),IF(G17<>"-",1*G17,G17),1*LEFT(G17,FIND(":",G17)-1)+RIGHT(G17,LEN(G17)-FIND(":",G17))/60) -> - | S17: =IF(ISERROR(FIND(":",H17)),IF(H17<>"-",1*H17,H17),1*LEFT(H17,FIND(":",H17)-1)+RIGHT(H17,LEN(H17)-FIND(":",H17))/60) -> 142 | T17: =IF(ISERROR(FIND(":",I17)),IF(I17<>"-",1*I17,I17),1*LEFT(I17,FIND(":",I17)-1)+RIGHT(I17,LEN(I17)-FIND(":",I17))/60) -> 322 | U17: =IF(ISERROR(FIND(":",K17)),K17,1*CONCATENATE(LEFT(K17,FIND(":",K17)-1),".",MID(RIGHT(K17,LEN(K17)-FIND(":",K17))/60,3,8))) -> -7.3 | W17: =J17*COS(U17*PI()/180) -> 42.651461 | X17: =J17*SIN(U17*PI()/180) -> -5.4637782 | Y17: =IF(R17="-",IF(S17>180,S17-180,S17+180),R17) -> 322
A18: =IF('Raw Data'!A18="","",'Raw Data'!A18) -> N | B18: =IF('Raw Data'!B18="","",'Raw Data'!B18) -> O | C18: =IF('Raw Data'!C18="","",'Raw Data'!C18) -> 25 | D18: =IF('Raw Data'!D18="","",'Raw Data'!D18) -> 3 | E18: =IF('Raw Data'!E18="","",'Raw Data'!E18) -> 2 | F18: =IF('Raw Data'!F18="","",'Raw Data'!F18) -> 1 | G18: =IF('Raw Data'!G18="","",SUBSTITUTE('Raw Data'!G18," ",":",1)) -> 281 | H18: =IF('Raw Data'!H18="","",SUBSTITUTE('Raw Data'!H18," ",":",1)) -> - | I18: =IF('Raw Data'!I18="","",SUBSTITUTE('Raw Data'!I18," ",":",1)) -> 281 | J18: =IF('Raw Data'!J18="","",IF(LEN(K18)>6,SQRT('Raw Data'!J18^2+N18^2),'Raw Data'!J18)) -> 15.5 | K18: =IF('Raw Data'!K18="","",IF(LEN('Raw Data'!K18)<7,SUBSTITUTE('Raw Data'!K18," ",":",1),'Raw Data'!K18)) -> -2 | L18: =IF('Raw Data'!L18="","",'Raw Data'!L18) | M18: =IF('Raw Data'!M18="","",'Raw Data'!M18) -> 15.5 | N18: =IF('Raw Data'!N18="","",IF('Raw Data'!N18="-",0,'Raw Data'!N18)) -> -0.5 | O18: =IF('Raw Data'!O18="","",'Raw Data'!O18) -> -15.5 | P18: =IF('Raw Data'!P18="","",'Raw Data'!P18) -> Pots | Q18: =" " | R18: =IF(ISERROR(FIND(":",G18)),IF(G18<>"-",1*G18,G18),1*LEFT(G18,FIND(":",G18)-1)+RIGHT(G18,LEN(G18)-FIND(":",G18))/60) -> 281 | S18: =IF(ISERROR(FIND(":",H18)),IF(H18<>"-",1*H18,H18),1*LEFT(H18,FIND(":",H18)-1)+RIGHT(H18,LEN(H18)-FIND(":",H18))/60) -> - | T18: =IF(ISERROR(FIND(":",I18)),IF(I18<>"-",1*I18,I18),1*LEFT(I18,FIND(":",I18)-1)+RIGHT(I18,LEN(I18)-FIND(":",I18))/60) -> 281 | U18: =IF(ISERROR(FIND(":",K18)),K18,1*CONCATENATE(LEFT(K18,FIND(":",K18)-1),".",MID(RIGHT(K18,LEN(K18)-FIND(":",K18))/60,3,8))) -> -2 | W18: =J18*COS(U18*PI()/180) -> 15.490558 | X18: =J18*SIN(U18*PI()/180) -> -0.5409422 | Y18: =IF(R18="-",IF(S18>180,S18-180,S18+180),R18) -> 281
A19: =IF('Raw Data'!A19="","",'Raw Data'!A19) -> O | B19: =IF('Raw Data'!B19="","",'Raw Data'!B19) -> P | C19: =IF('Raw Data'!C19="","",'Raw Data'!C19) -> 40 | D19: =IF('Raw Data'!D19="","",'Raw Data'!D19) -> 4.5 | E19: =IF('Raw Data'!E19="","",'Raw Data'!E19) -> 2 | F19: =IF('Raw Data'!F19="","",'Raw Data'!F19) -> 2 | G19: =IF('Raw Data'!G19="","",SUBSTITUTE('Raw Data'!G19," ",":",1)) -> - | H19: =IF('Raw Data'!H19="","",SUBSTITUTE('Raw Data'!H19," ",":",1)) -> 127 | I19: =IF('Raw Data'!I19="","",SUBSTITUTE('Raw Data'!I19," ",":",1)) -> 307 | J19: =IF('Raw Data'!J19="","",IF(LEN(K19)>6,SQRT('Raw Data'!J19^2+N19^2),'Raw Data'!J19)) -> 56 | K19: =IF('Raw Data'!K19="","",IF(LEN('Raw Data'!K19)<7,SUBSTITUTE('Raw Data'!K19," ",":",1),'Raw Data'!K19)) -> -5 | L19: =IF('Raw Data'!L19="","",'Raw Data'!L19) | M19: =IF('Raw Data'!M19="","",'Raw Data'!M19) -> 55.8 | N19: =IF('Raw Data'!N19="","",IF('Raw Data'!N19="-",0,'Raw Data'!N19)) -> -4.9 | O19: =IF('Raw Data'!O19="","",'Raw Data'!O19) -> -16 | P19: =IF('Raw Data'!P19="","",'Raw Data'!P19) -> Pots. Very pretty coral on left wall | Q19: =" " | R19: =IF(ISERROR(FIND(":",G19)),IF(G19<>"-",1*G19,G19),1*LEFT(G19,FIND(":",G19)-1)+RIGHT(G19,LEN(G19)-FIND(":",G19))/60) -> - | S19: =IF(ISERROR(FIND(":",H19)),IF(H19<>"-",1*H19,H19),1*LEFT(H19,FIND(":",H19)-1)+RIGHT(H19,LEN(H19)-FIND(":",H19))/60) -> 127 | T19: =IF(ISERROR(FIND(":",I19)),IF(I19<>"-",1*I19,I19),1*LEFT(I19,FIND(":",I19)-1)+RIGHT(I19,LEN(I19)-FIND(":",I19))/60) -> 307 | U19: =IF(ISERROR(FIND(":",K19)),K19,1*CONCATENATE(LEFT(K19,FIND(":",K19)-1),".",MID(RIGHT(K19,LEN(K19)-FIND(":",K19))/60,3,8))) -> -5 | W19: =J19*COS(U19*PI()/180) -> 55.786903 | X19: =J19*SIN(U19*PI()/180) -> -4.8807216 | Y19: =IF(R19="-",IF(S19>180,S19-180,S19+180),R19) -> 307
A20: =IF('Raw Data'!A20="","",'Raw Data'!A20) -> P | B20: =IF('Raw Data'!B20="","",'Raw Data'!B20) -> Q | C20: =IF('Raw Data'!C20="","",'Raw Data'!C20) -> 40 | D20: =IF('Raw Data'!D20="","",'Raw Data'!D20) -> 3 | E20: =IF('Raw Data'!E20="","",'Raw Data'!E20) -> 2 | F20: =IF('Raw Data'!F20="","",'Raw Data'!F20) -> 3 | G20: =IF('Raw Data'!G20="","",SUBSTITUTE('Raw Data'!G20," ",":",1)) -> 283 | H20: =IF('Raw Data'!H20="","",SUBSTITUTE('Raw Data'!H20," ",":",1)) -> - | I20: =IF('Raw Data'!I20="","",SUBSTITUTE('Raw Data'!I20," ",":",1)) -> 283 | J20: =IF('Raw Data'!J20="","",IF(LEN(K20)>6,SQRT('Raw Data'!J20^2+N20^2),'Raw Data'!J20)) -> 15.8 | K20: =IF('Raw Data'!K20="","",IF(LEN('Raw Data'!K20)<7,SUBSTITUTE('Raw Data'!K20," ",":",1),'Raw Data'!K20)) -> -0:15 | L20: =IF('Raw Data'!L20="","",'Raw Data'!L20) | M20: =IF('Raw Data'!M20="","",'Raw Data'!M20) -> 15.8 | N20: =IF('Raw Data'!N20="","",IF('Raw Data'!N20="-",0,'Raw Data'!N20)) -> -0.1 | O20: =IF('Raw Data'!O20="","",'Raw Data'!O20) -> -20.9 | P20: =IF('Raw Data'!P20="","",'Raw Data'!P20) | Q20: =" " | R20: =IF(ISERROR(FIND(":",G20)),IF(G20<>"-",1*G20,G20),1*LEFT(G20,FIND(":",G20)-1)+RIGHT(G20,LEN(G20)-FIND(":",G20))/60) -> 283 | S20: =IF(ISERROR(FIND(":",H20)),IF(H20<>"-",1*H20,H20),1*LEFT(H20,FIND(":",H20)-1)+RIGHT(H20,LEN(H20)-FIND(":",H20))/60) -> - | T20: =IF(ISERROR(FIND(":",I20)),IF(I20<>"-",1*I20,I20),1*LEFT(I20,FIND(":",I20)-1)+RIGHT(I20,LEN(I20)-FIND(":",I20))/60) -> 283 | U20: =ASIN(N20/J20)*180/PI() -> -0.36263394 | W20: =J20*COS(U20*PI()/180) -> 15.799684 | X20: =J20*SIN(U20*PI()/180) -> -0.1 | Y20: =IF(R20="-",IF(S20>180,S20-180,S20+180),R20) -> 283
A21: =IF('Raw Data'!A21="","",'Raw Data'!A21) -> Q | B21: =IF('Raw Data'!B21="","",'Raw Data'!B21) -> R | C21: =IF('Raw Data'!C21="","",'Raw Data'!C21) -> 40 | D21: =IF('Raw Data'!D21="","",'Raw Data'!D21) -> 4 | E21: =IF('Raw Data'!E21="","",'Raw Data'!E21) -> 4 | F21: =IF('Raw Data'!F21="","",'Raw Data'!F21) -> - | G21: =IF('Raw Data'!G21="","",SUBSTITUTE('Raw Data'!G21," ",":",1)) -> - | H21: =IF('Raw Data'!H21="","",SUBSTITUTE('Raw Data'!H21," ",":",1)) -> 37 | I21: =IF('Raw Data'!I21="","",SUBSTITUTE('Raw Data'!I21," ",":",1)) -> 217 | J21: =IF('Raw Data'!J21="","",IF(LEN(K21)>6,SQRT('Raw Data'!J21^2+N21^2),'Raw Data'!J21)) -> 15.814234 | K21: =IF('Raw Data'!K21="","",IF(LEN('Raw Data'!K21)<7,SUBSTITUTE('Raw Data'!K21," ",":",1),'Raw Data'!K21)) -> fall of 4 feet | L21: =IF('Raw Data'!L21="","",'Raw Data'!L21) | M21: =IF('Raw Data'!M21="","",'Raw Data'!M21) -> 15.3 | N21: =IF('Raw Data'!N21="","",IF('Raw Data'!N21="-",0,'Raw Data'!N21)) -> -4 | O21: =IF('Raw Data'!O21="","",'Raw Data'!O21) -> -21 | P21: =IF('Raw Data'!P21="","",'Raw Data'!P21) -> 1.5 foot deep pool starts at P. | Q21: =" " | R21: =IF(ISERROR(FIND(":",G21)),IF(G21<>"-",1*G21,G21),1*LEFT(G21,FIND(":",G21)-1)+RIGHT(G21,LEN(G21)-FIND(":",G21))/60) -> - | S21: =IF(ISERROR(FIND(":",H21)),IF(H21<>"-",1*H21,H21),1*LEFT(H21,FIND(":",H21)-1)+RIGHT(H21,LEN(H21)-FIND(":",H21))/60) -> 37 | T21: =IF(ISERROR(FIND(":",I21)),IF(I21<>"-",1*I21,I21),1*LEFT(I21,FIND(":",I21)-1)+RIGHT(I21,LEN(I21)-FIND(":",I21))/60) -> 217 | U21: =ASIN(N21/J21)*180/PI() -> -14.651359 | W21: =J21*COS(U21*PI()/180) -> 15.3 | X21: =J21*SIN(U21*PI()/180) -> -4 | Y21: =IF(R21="-",IF(S21>180,S21-180,S21+180),R21) -> 217
A22: =IF('Raw Data'!A22="","",'Raw Data'!A22) -> R | B22: =IF('Raw Data'!B22="","",'Raw Data'!B22) -> S | C22: =IF('Raw Data'!C22="","",'Raw Data'!C22) -> 40 | D22: =IF('Raw Data'!D22="","",'Raw Data'!D22) -> - | E22: =IF('Raw Data'!E22="","",'Raw Data'!E22) -> - | F22: =IF('Raw Data'!F22="","",'Raw Data'!F22) -> 4 | G22: =IF('Raw Data'!G22="","",SUBSTITUTE('Raw Data'!G22," ",":",1)) -> 310 | H22: =IF('Raw Data'!H22="","",SUBSTITUTE('Raw Data'!H22," ",":",1)) -> - | I22: =IF('Raw Data'!I22="","",SUBSTITUTE('Raw Data'!I22," ",":",1)) -> 310 | J22: =IF('Raw Data'!J22="","",IF(LEN(K22)>6,SQRT('Raw Data'!J22^2+N22^2),'Raw Data'!J22)) -> 39.702015 | K22: =IF('Raw Data'!K22="","",IF(LEN('Raw Data'!K22)<7,SUBSTITUTE('Raw Data'!K22," ",":",1),'Raw Data'!K22)) -> rise of 4 feet | L22: =IF('Raw Data'!L22="","",'Raw Data'!L22) | M22: =IF('Raw Data'!M22="","",'Raw Data'!M22) -> 39.5 | N22: =IF('Raw Data'!N22="","",IF('Raw Data'!N22="-",0,'Raw Data'!N22)) -> 4 | O22: =IF('Raw Data'!O22="","",'Raw Data'!O22) -> -25 | P22: =IF('Raw Data'!P22="","",'Raw Data'!P22) -> Pool 2.5' deep at R, ends 15' on. Scalloping as in Goughs 1st Sandy Chamber. | Q22: =" " | R22: =IF(ISERROR(FIND(":",G22)),IF(G22<>"-",1*G22,G22),1*LEFT(G22,FIND(":",G22)-1)+RIGHT(G22,LEN(G22)-FIND(":",G22))/60) -> 310 | S22: =IF(ISERROR(FIND(":",H22)),IF(H22<>"-",1*H22,H22),1*LEFT(H22,FIND(":",H22)-1)+RIGHT(H22,LEN(H22)-FIND(":",H22))/60) -> - | T22: =IF(ISERROR(FIND(":",I22)),IF(I22<>"-",1*I22,I22),1*LEFT(I22,FIND(":",I22)-1)+RIGHT(I22,LEN(I22)-FIND(":",I22))/60) -> 310 | U22: =ASIN(N22/J22)*180/PI() -> 5.7823923 | W22: =J22*COS(U22*PI()/180) -> 39.5 | X22: =J22*SIN(U22*PI()/180) -> 4 | Y22: =IF(R22="-",IF(S22>180,S22-180,S22+180),R22) -> 310
A23: =IF('Raw Data'!A23="","",'Raw Data'!A23) -> S | B23: =IF('Raw Data'!B23="","",'Raw Data'!B23) -> T | C23: =IF('Raw Data'!C23="","",'Raw Data'!C23) -> 12 | D23: =IF('Raw Data'!D23="","",'Raw Data'!D23) -> 4.5 | E23: =IF('Raw Data'!E23="","",'Raw Data'!E23) -> 8 | F23: =IF('Raw Data'!F23="","",'Raw Data'!F23) -> - | G23: =IF('Raw Data'!G23="","",SUBSTITUTE('Raw Data'!G23," ",":",1)) -> - | H23: =IF('Raw Data'!H23="","",SUBSTITUTE('Raw Data'!H23," ",":",1)) -> 58 | I23: =IF('Raw Data'!I23="","",SUBSTITUTE('Raw Data'!I23," ",":",1)) -> 238 | J23: =IF('Raw Data'!J23="","",IF(LEN(K23)>6,SQRT('Raw Data'!J23^2+N23^2),'Raw Data'!J23)) -> 39.6 | K23: =IF('Raw Data'!K23="","",IF(LEN('Raw Data'!K23)<7,SUBSTITUTE('Raw Data'!K23," ",":",1),'Raw Data'!K23)) -> -2:30 | L23: =IF('Raw Data'!L23="","",'Raw Data'!L23) | M23: =IF('Raw Data'!M23="","",'Raw Data'!M23) -> 39.6 | N23: =IF('Raw Data'!N23="","",IF('Raw Data'!N23="-",0,'Raw Data'!N23)) -> -1.9 | O23: =IF('Raw Data'!O23="","",'Raw Data'!O23) -> -21 | P23: =IF('Raw Data'!P23="","",'Raw Data'!P23) -> S is marked on wall. At 20' there is a muddy chamber overhead. | Q23: =" " | R23: =IF(ISERROR(FIND(":",G23)),IF(G23<>"-",1*G23,G23),1*LEFT(G23,FIND(":",G23)-1)+RIGHT(G23,LEN(G23)-FIND(":",G23))/60) -> - | S23: =IF(ISERROR(FIND(":",H23)),IF(H23<>"-",1*H23,H23),1*LEFT(H23,FIND(":",H23)-1)+RIGHT(H23,LEN(H23)-FIND(":",H23))/60) -> 58 | T23: =IF(ISERROR(FIND(":",I23)),IF(I23<>"-",1*I23,I23),1*LEFT(I23,FIND(":",I23)-1)+RIGHT(I23,LEN(I23)-FIND(":",I23))/60) -> 238 | U23: =IF(ISERROR(FIND(":",K23)),K23,1*CONCATENATE(LEFT(K23,FIND(":",K23)-1),".",MID(RIGHT(K23,LEN(K23)-FIND(":",K23))/60,3,8))) -> -2.5 | W23: =J23*COS(U23*PI()/180) -> 39.56231 | X23: =J23*SIN(U23*PI()/180) -> -1.7273277 | Y23: =IF(R23="-",IF(S23>180,S23-180,S23+180),R23) -> 238
A24: =IF('Raw Data'!A24="","",'Raw Data'!A24) -> T | B24: =IF('Raw Data'!B24="","",'Raw Data'!B24) -> U | C24: =IF('Raw Data'!C24="","",'Raw Data'!C24) -> 2 | D24: =IF('Raw Data'!D24="","",'Raw Data'!D24) -> 2.5 | E24: =IF('Raw Data'!E24="","",'Raw Data'!E24) -> 15 | F24: =IF('Raw Data'!F24="","",'Raw Data'!F24) -> 6 | G24: =IF('Raw Data'!G24="","",SUBSTITUTE('Raw Data'!G24," ",":",1)) -> 148 | H24: =IF('Raw Data'!H24="","",SUBSTITUTE('Raw Data'!H24," ",":",1)) -> - | I24: =IF('Raw Data'!I24="","",SUBSTITUTE('Raw Data'!I24," ",":",1)) -> 148 | J24: =IF('Raw Data'!J24="","",IF(LEN(K24)>6,SQRT('Raw Data'!J24^2+N24^2),'Raw Data'!J24)) -> 49.029481 | K24: =IF('Raw Data'!K24="","",IF(LEN('Raw Data'!K24)<7,SUBSTITUTE('Raw Data'!K24," ",":",1),'Raw Data'!K24)) -> fall of 1.7 feet | L24: =IF('Raw Data'!L24="","",'Raw Data'!L24) | M24: =IF('Raw Data'!M24="","",'Raw Data'!M24) -> 49 | N24: =IF('Raw Data'!N24="","",IF('Raw Data'!N24="-",0,'Raw Data'!N24)) -> -1.7 | O24: =IF('Raw Data'!O24="","",'Raw Data'!O24) -> -22.9 | P24: =IF('Raw Data'!P24="","",'Raw Data'!P24) | Q24: =" " | R24: =IF(ISERROR(FIND(":",G24)),IF(G24<>"-",1*G24,G24),1*LEFT(G24,FIND(":",G24)-1)+RIGHT(G24,LEN(G24)-FIND(":",G24))/60) -> 148 | S24: =IF(ISERROR(FIND(":",H24)),IF(H24<>"-",1*H24,H24),1*LEFT(H24,FIND(":",H24)-1)+RIGHT(H24,LEN(H24)-FIND(":",H24))/60) -> - | T24: =IF(ISERROR(FIND(":",I24)),IF(I24<>"-",1*I24,I24),1*LEFT(I24,FIND(":",I24)-1)+RIGHT(I24,LEN(I24)-FIND(":",I24))/60) -> 148 | U24: =ASIN(N24/J24)*180/PI() -> -1.9870158 | W24: =J24*COS(U24*PI()/180) -> 49 | X24: =J24*SIN(U24*PI()/180) -> -1.7 | Y24: =IF(R24="-",IF(S24>180,S24-180,S24+180),R24) -> 148
A25: =IF('Raw Data'!A25="","",'Raw Data'!A25) -> U | B25: =IF('Raw Data'!B25="","",'Raw Data'!B25) | C25: =IF('Raw Data'!C25="","",'Raw Data'!C25) -> 1.5 | D25: =IF('Raw Data'!D25="","",'Raw Data'!D25) -> 1.5 | E25: =IF('Raw Data'!E25="","",'Raw Data'!E25) | F25: =IF('Raw Data'!F25="","",'Raw Data'!F25) | G25: =IF('Raw Data'!G25="","",SUBSTITUTE('Raw Data'!G25," ",":",1)) | H25: =IF('Raw Data'!H25="","",SUBSTITUTE('Raw Data'!H25," ",":",1)) | I25: =IF('Raw Data'!I25="","",SUBSTITUTE('Raw Data'!I25," ",":",1)) | J25: =IF('Raw Data'!J25="","",IF(LEN(K25)>6,SQRT('Raw Data'!J25^2+N25^2),'Raw Data'!J25)) | K25: =IF('Raw Data'!K25="","",IF(LEN('Raw Data'!K25)<7,SUBSTITUTE('Raw Data'!K25," ",":",1),'Raw Data'!K25)) | L25: =IF('Raw Data'!L25="","",'Raw Data'!L25) | M25: =IF('Raw Data'!M25="","",'Raw Data'!M25) | N25: =IF('Raw Data'!N25="","",IF('Raw Data'!N25="-",0,'Raw Data'!N25)) | O25: =IF('Raw Data'!O25="","",'Raw Data'!O25) -> -24.6 | P25: =IF('Raw Data'!P25="","",'Raw Data'!P25) -> Bearls (sp.?) seen here. Total = 650' | Q25: =" " | Y25: =IF(R25="-",IF(S25>180,S25-180,S25+180),R25) -> 0
A26: =IF('Raw Data'!A26="","",'Raw Data'!A26) -> A1 | B26: =IF('Raw Data'!B26="","",'Raw Data'!B26) -> B1 | C26: =IF('Raw Data'!C26="","",'Raw Data'!C26) -> - | D26: =IF('Raw Data'!D26="","",'Raw Data'!D26) -> 1 | E26: =IF('Raw Data'!E26="","",'Raw Data'!E26) -> 1 | F26: =IF('Raw Data'!F26="","",'Raw Data'!F26) -> 0.5 | G26: =IF('Raw Data'!G26="","",SUBSTITUTE('Raw Data'!G26," ",":",1)) -> - | H26: =IF('Raw Data'!H26="","",SUBSTITUTE('Raw Data'!H26," ",":",1)) -> 326 | I26: =IF('Raw Data'!I26="","",SUBSTITUTE('Raw Data'!I26," ",":",1)) -> 146 | J26: =IF('Raw Data'!J26="","",IF(LEN(K26)>6,SQRT('Raw Data'!J26^2+N26^2),'Raw Data'!J26)) -> 30.4 | K26: =IF('Raw Data'!K26="","",IF(LEN('Raw Data'!K26)<7,SUBSTITUTE('Raw Data'!K26," ",":",1),'Raw Data'!K26)) -> level | L26: =IF('Raw Data'!L26="","",'Raw Data'!L26) | M26: =IF('Raw Data'!M26="","",'Raw Data'!M26) -> 30.4 | N26: =IF('Raw Data'!N26="","",IF('Raw Data'!N26="-",0,'Raw Data'!N26)) -> 0 | O26: =IF('Raw Data'!O26="","",'Raw Data'!O26) | P26: =IF('Raw Data'!P26="","",'Raw Data'!P26) -> A1 is far end of "Priddy Green" passage. At choke | Q26: =" " | R26: =IF(ISERROR(FIND(":",G26)),IF(G26<>"-",1*G26,G26),1*LEFT(G26,FIND(":",G26)-1)+RIGHT(G26,LEN(G26)-FIND(":",G26))/60) -> - | S26: =IF(ISERROR(FIND(":",H26)),IF(H26<>"-",1*H26,H26),1*LEFT(H26,FIND(":",H26)-1)+RIGHT(H26,LEN(H26)-FIND(":",H26))/60) -> 326 | T26: =IF(ISERROR(FIND(":",I26)),IF(I26<>"-",1*I26,I26),1*LEFT(I26,FIND(":",I26)-1)+RIGHT(I26,LEN(I26)-FIND(":",I26))/60) -> 146 | U26: =ASIN(N26/J26)*180/PI() -> 0 | W26: =J26*COS(U26*PI()/180) -> 30.4 | X26: =J26*SIN(U26*PI()/180) -> 0 | Y26: =IF(R26="-",IF(S26>180,S26-180,S26+180),R26) -> 146
A27: =IF('Raw Data'!A27="","",'Raw Data'!A27) -> B1 | B27: =IF('Raw Data'!B27="","",'Raw Data'!B27) -> C1 | C27: =IF('Raw Data'!C27="","",'Raw Data'!C27) -> 4 | D27: =IF('Raw Data'!D27="","",'Raw Data'!D27) -> 1 | E27: =IF('Raw Data'!E27="","",'Raw Data'!E27) -> 10 | F27: =IF('Raw Data'!F27="","",'Raw Data'!F27) -> 2 | G27: =IF('Raw Data'!G27="","",SUBSTITUTE('Raw Data'!G27," ",":",1)) -> 248 | H27: =IF('Raw Data'!H27="","",SUBSTITUTE('Raw Data'!H27," ",":",1)) -> - | I27: =IF('Raw Data'!I27="","",SUBSTITUTE('Raw Data'!I27," ",":",1)) -> 248 | J27: =IF('Raw Data'!J27="","",IF(LEN(K27)>6,SQRT('Raw Data'!J27^2+N27^2),'Raw Data'!J27)) -> 37.5 | K27: =IF('Raw Data'!K27="","",IF(LEN('Raw Data'!K27)<7,SUBSTITUTE('Raw Data'!K27," ",":",1),'Raw Data'!K27)) -> -6 | L27: =IF('Raw Data'!L27="","",'Raw Data'!L27) | M27: =IF('Raw Data'!M27="","",'Raw Data'!M27) -> 37.3 | N27: =IF('Raw Data'!N27="","",IF('Raw Data'!N27="-",0,'Raw Data'!N27)) -> -3.9 | O27: =IF('Raw Data'!O27="","",'Raw Data'!O27) -> 11 | P27: =IF('Raw Data'!P27="","",'Raw Data'!P27) -> B1 is ent to P.G. pass, above stalagmite keloid (sp.?) | Q27: =" " | R27: =IF(ISERROR(FIND(":",G27)),IF(G27<>"-",1*G27,G27),1*LEFT(G27,FIND(":",G27)-1)+RIGHT(G27,LEN(G27)-FIND(":",G27))/60) -> 248 | S27: =IF(ISERROR(FIND(":",H27)),IF(H27<>"-",1*H27,H27),1*LEFT(H27,FIND(":",H27)-1)+RIGHT(H27,LEN(H27)-FIND(":",H27))/60) -> - | T27: =IF(ISERROR(FIND(":",I27)),IF(I27<>"-",1*I27,I27),1*LEFT(I27,FIND(":",I27)-1)+RIGHT(I27,LEN(I27)-FIND(":",I27))/60) -> 248 | U27: =IF(ISERROR(FIND(":",K27)),K27,1*CONCATENATE(LEFT(K27,FIND(":",K27)-1),".",MID(RIGHT(K27,LEN(K27)-FIND(":",K27))/60,3,8))) -> -6 | W27: =J27*COS(U27*PI()/180) -> 37.294571 | X27: =J27*SIN(U27*PI()/180) -> -3.9198174 | Y27: =IF(R27="-",IF(S27>180,S27-180,S27+180),R27) -> 248
A28: =IF('Raw Data'!A28="","",'Raw Data'!A28) | B28: =IF('Raw Data'!B28="","",'Raw Data'!B28) | C28: =IF('Raw Data'!C28="","",'Raw Data'!C28) | D28: =IF('Raw Data'!D28="","",'Raw Data'!D28) | E28: =IF('Raw Data'!E28="","",'Raw Data'!E28) | F28: =IF('Raw Data'!F28="","",'Raw Data'!F28) | G28: =IF('Raw Data'!G28="","",SUBSTITUTE('Raw Data'!G28," ",":",1)) | H28: =IF('Raw Data'!H28="","",SUBSTITUTE('Raw Data'!H28," ",":",1)) | I28: =IF('Raw Data'!I28="","",SUBSTITUTE('Raw Data'!I28," ",":",1)) | J28: =IF('Raw Data'!J28="","",IF(LEN(K28)>6,SQRT('Raw Data'!J28^2+N28^2),'Raw Data'!J28)) | K28: =IF('Raw Data'!K28="","",IF(LEN('Raw Data'!K28)<7,SUBSTITUTE('Raw Data'!K28," ",":",1),'Raw Data'!K28)) | L28: =IF('Raw Data'!L28="","",'Raw Data'!L28) | M28: =IF('Raw Data'!M28="","",'Raw Data'!M28) | N28: =IF('Raw Data'!N28="","",IF('Raw Data'!N28="-",0,'Raw Data'!N28)) | O28: =IF('Raw Data'!O28="","",'Raw Data'!O28) | P28: =IF('Raw Data'!P28="","",'Raw Data'!P28) | Q28: =" "
A29: =IF('Raw Data'!A29="","",'Raw Data'!A29) -> 5th August 1951 | B29: =IF('Raw Data'!B29="","",'Raw Data'!B29) | C29: =IF('Raw Data'!C29="","",'Raw Data'!C29) | D29: =IF('Raw Data'!D29="","",'Raw Data'!D29) | E29: =IF('Raw Data'!E29="","",'Raw Data'!E29) | F29: =IF('Raw Data'!F29="","",'Raw Data'!F29) | G29: =IF('Raw Data'!G29="","",SUBSTITUTE('Raw Data'!G29," ",":",1)) | H29: =IF('Raw Data'!H29="","",SUBSTITUTE('Raw Data'!H29," ",":",1)) | I29: =IF('Raw Data'!I29="","",SUBSTITUTE('Raw Data'!I29," ",":",1)) | J29: =IF('Raw Data'!J29="","",IF(LEN(K29)>6,SQRT('Raw Data'!J29^2+N29^2),'Raw Data'!J29)) | K29: =IF('Raw Data'!K29="","",IF(LEN('Raw Data'!K29)<7,SUBSTITUTE('Raw Data'!K29," ",":",1),'Raw Data'!K29)) | L29: =IF('Raw Data'!L29="","",'Raw Data'!L29) | M29: =IF('Raw Data'!M29="","",'Raw Data'!M29) | N29: =IF('Raw Data'!N29="","",IF('Raw Data'!N29="-",0,'Raw Data'!N29)) | O29: =IF('Raw Data'!O29="","",'Raw Data'!O29) | P29: =IF('Raw Data'!P29="","",'Raw Data'!P29) | Q29: =" "
A30: =IF('Raw Data'!A30="","",'Raw Data'!A30) -> C1 | B30: =IF('Raw Data'!B30="","",'Raw Data'!B30) -> D1 | C30: =IF('Raw Data'!C30="","",'Raw Data'!C30) -> 5 | D30: =IF('Raw Data'!D30="","",'Raw Data'!D30) -> 6 | E30: =IF('Raw Data'!E30="","",'Raw Data'!E30) -> 15 | F30: =IF('Raw Data'!F30="","",'Raw Data'!F30) -> 4 | G30: =IF('Raw Data'!G30="","",SUBSTITUTE('Raw Data'!G30," ",":",1)) -> - | H30: =IF('Raw Data'!H30="","",SUBSTITUTE('Raw Data'!H30," ",":",1)) -> 85 | I30: =IF('Raw Data'!I30="","",SUBSTITUTE('Raw Data'!I30," ",":",1)) -> 265 | J30: =IF('Raw Data'!J30="","",IF(LEN(K30)>6,SQRT('Raw Data'!J30^2+N30^2),'Raw Data'!J30)) -> 11.8 | K30: =IF('Raw Data'!K30="","",IF(LEN('Raw Data'!K30)<7,SUBSTITUTE('Raw Data'!K30," ",":",1),'Raw Data'!K30)) -> -24 | L30: =IF('Raw Data'!L30="","",'Raw Data'!L30) | M30: =IF('Raw Data'!M30="","",'Raw Data'!M30) -> 10.8 | N30: =IF('Raw Data'!N30="","",IF('Raw Data'!N30="-",0,'Raw Data'!N30)) -> -4.8 | O30: =IF('Raw Data'!O30="","",'Raw Data'!O30) -> 7.1 | P30: =IF('Raw Data'!P30="","",'Raw Data'!P30) -> On rocky bank. | Q30: =" " | R30: =IF(ISERROR(FIND(":",G30)),IF(G30<>"-",1*G30,G30),1*LEFT(G30,FIND(":",G30)-1)+RIGHT(G30,LEN(G30)-FIND(":",G30))/60) -> - | S30: =IF(ISERROR(FIND(":",H30)),IF(H30<>"-",1*H30,H30),1*LEFT(H30,FIND(":",H30)-1)+RIGHT(H30,LEN(H30)-FIND(":",H30))/60) -> 85 | T30: =IF(ISERROR(FIND(":",I30)),IF(I30<>"-",1*I30,I30),1*LEFT(I30,FIND(":",I30)-1)+RIGHT(I30,LEN(I30)-FIND(":",I30))/60) -> 265 | U30: =IF(ISERROR(FIND(":",K30)),K30,1*CONCATENATE(LEFT(K30,FIND(":",K30)-1),".",MID(RIGHT(K30,LEN(K30)-FIND(":",K30))/60,3,8))) -> -24 | W30: =J30*COS(U30*PI()/180) -> 10.779836 | X30: =J30*SIN(U30*PI()/180) -> -4.7994924 | Y30: =IF(R30="-",IF(S30>180,S30-180,S30+180),R30) -> 265
A31: =IF('Raw Data'!A31="","",'Raw Data'!A31) -> D1 | B31: =IF('Raw Data'!B31="","",'Raw Data'!B31) -> A | C31: =IF('Raw Data'!C31="","",'Raw Data'!C31) -> 2 | D31: =IF('Raw Data'!D31="","",'Raw Data'!D31) -> 2.3 | E31: =IF('Raw Data'!E31="","",'Raw Data'!E31) -> 10 | F31: =IF('Raw Data'!F31="","",'Raw Data'!F31) -> 4 | G31: =IF('Raw Data'!G31="","",SUBSTITUTE('Raw Data'!G31," ",":",1)) -> 251 | H31: =IF('Raw Data'!H31="","",SUBSTITUTE('Raw Data'!H31," ",":",1)) -> - | I31: =IF('Raw Data'!I31="","",SUBSTITUTE('Raw Data'!I31," ",":",1)) -> 251 | J31: =IF('Raw Data'!J31="","",IF(LEN(K31)>6,SQRT('Raw Data'!J31^2+N31^2),'Raw Data'!J31)) -> 36.871805 | K31: =IF('Raw Data'!K31="","",IF(LEN('Raw Data'!K31)<7,SUBSTITUTE('Raw Data'!K31," ",":",1),'Raw Data'!K31)) -> water level | L31: =IF('Raw Data'!L31="","",'Raw Data'!L31) | M31: =IF('Raw Data'!M31="","",'Raw Data'!M31) -> 36.6 | N31: =IF('Raw Data'!N31="","",IF('Raw Data'!N31="-",0,'Raw Data'!N31)) -> -2.3 | O31: =IF('Raw Data'!O31="","",'Raw Data'!O31) -> 2.3 | P31: =IF('Raw Data'!P31="","",'Raw Data'!P31) -> D1 to near side of Sump I 11.8'. D1 to far side of Sump I 18'. D1 is in pool at stake for cable. | Q31: =" " | R31: =IF(ISERROR(FIND(":",G31)),IF(G31<>"-",1*G31,G31),1*LEFT(G31,FIND(":",G31)-1)+RIGHT(G31,LEN(G31)-FIND(":",G31))/60) -> 251 | S31: =IF(ISERROR(FIND(":",H31)),IF(H31<>"-",1*H31,H31),1*LEFT(H31,FIND(":",H31)-1)+RIGHT(H31,LEN(H31)-FIND(":",H31))/60) -> - | T31: =IF(ISERROR(FIND(":",I31)),IF(I31<>"-",1*I31,I31),1*LEFT(I31,FIND(":",I31)-1)+RIGHT(I31,LEN(I31)-FIND(":",I31))/60) -> 251 | U31: =ASIN(N31/J31)*180/PI() -> -3.5763344 | W31: =J31*COS(U31*PI()/180) -> 36.8 | X31: =J31*SIN(U31*PI()/180) -> -2.3 | Y31: =IF(R31="-",IF(S31>180,S31-180,S31+180),R31) -> 251
A32: =IF('Raw Data'!A32="","",'Raw Data'!A32) -> U | B32: =IF('Raw Data'!B32="","",'Raw Data'!B32) -> V | C32: =IF('Raw Data'!C32="","",'Raw Data'!C32) -> 1.5 | D32: =IF('Raw Data'!D32="","",'Raw Data'!D32) -> 1.5 | E32: =IF('Raw Data'!E32="","",'Raw Data'!E32) -> 2.5 | F32: =IF('Raw Data'!F32="","",'Raw Data'!F32) -> 15 | G32: =IF('Raw Data'!G32="","",SUBSTITUTE('Raw Data'!G32," ",":",1)) -> - | H32: =IF('Raw Data'!H32="","",SUBSTITUTE('Raw Data'!H32," ",":",1)) -> 6:30 | I32: =IF('Raw Data'!I32="","",SUBSTITUTE('Raw Data'!I32," ",":",1)) -> 186:30 | J32: =IF('Raw Data'!J32="","",IF(LEN(K32)>6,SQRT('Raw Data'!J32^2+N32^2),'Raw Data'!J32)) -> 29 | K32: =IF('Raw Data'!K32="","",IF(LEN('Raw Data'!K32)<7,SUBSTITUTE('Raw Data'!K32," ",":",1),'Raw Data'!K32)) -> water level | L32: =IF('Raw Data'!L32="","",'Raw Data'!L32) | M32: =IF('Raw Data'!M32="","",'Raw Data'!M32) -> 29 | N32: =IF('Raw Data'!N32="","",IF('Raw Data'!N32="-",0,'Raw Data'!N32)) -> 0 | O32: =IF('Raw Data'!O32="","",'Raw Data'!O32) -> -24.6 | P32: =IF('Raw Data'!P32="","",'Raw Data'!P32) -> Lake begins as 10'. (Little sketch) | Q32: =" " | R32: =IF(ISERROR(FIND(":",G32)),IF(G32<>"-",1*G32,G32),1*LEFT(G32,FIND(":",G32)-1)+RIGHT(G32,LEN(G32)-FIND(":",G32))/60) -> - | S32: =IF(ISERROR(FIND(":",H32)),IF(H32<>"-",1*H32,H32),1*LEFT(H32,FIND(":",H32)-1)+RIGHT(H32,LEN(H32)-FIND(":",H32))/60) -> 6.5 | T32: =IF(ISERROR(FIND(":",I32)),IF(I32<>"-",1*I32,I32),1*LEFT(I32,FIND(":",I32)-1)+RIGHT(I32,LEN(I32)-FIND(":",I32))/60) -> 186.5 | U32: =ASIN(N32/J32)*180/PI() -> 0 | W32: =J32*COS(U32*PI()/180) -> 29 | X32: =J32*SIN(U32*PI()/180) -> 0 | Y32: =IF(R32="-",IF(S32>180,S32-180,S32+180),R32) -> 186.5
A33: =IF('Raw Data'!A33="","",'Raw Data'!A33) -> V | B33: =IF('Raw Data'!B33="","",'Raw Data'!B33) -> W | C33: =IF('Raw Data'!C33="","",'Raw Data'!C33) -> 15 | D33: =IF('Raw Data'!D33="","",'Raw Data'!D33) -> - | E33: =IF('Raw Data'!E33="","",'Raw Data'!E33) -> 2 | F33: =IF('Raw Data'!F33="","",'Raw Data'!F33) -> 4 | G33: =IF('Raw Data'!G33="","",SUBSTITUTE('Raw Data'!G33," ",":",1)) -> 141:30 | H33: =IF('Raw Data'!H33="","",SUBSTITUTE('Raw Data'!H33," ",":",1)) -> - | I33: =IF('Raw Data'!I33="","",SUBSTITUTE('Raw Data'!I33," ",":",1)) -> 141:30 | J33: =IF('Raw Data'!J33="","",IF(LEN(K33)>6,SQRT('Raw Data'!J33^2+N33^2),'Raw Data'!J33)) -> 33.8 | K33: =IF('Raw Data'!K33="","",IF(LEN('Raw Data'!K33)<7,SUBSTITUTE('Raw Data'!K33," ",":",1),'Raw Data'!K33)) -> water level | L33: =IF('Raw Data'!L33="","",'Raw Data'!L33) | M33: =IF('Raw Data'!M33="","",'Raw Data'!M33) -> 33.8 | N33: =IF('Raw Data'!N33="","",IF('Raw Data'!N33="-",0,'Raw Data'!N33)) -> 0 | O33: =IF('Raw Data'!O33="","",'Raw Data'!O33) -> -26.1 | P33: =IF('Raw Data'!P33="","",'Raw Data'!P33) -> Lake | Q33: =" " | R33: =IF(ISERROR(FIND(":",G33)),IF(G33<>"-",1*G33,G33),1*LEFT(G33,FIND(":",G33)-1)+RIGHT(G33,LEN(G33)-FIND(":",G33))/60) -> 141.5 | S33: =IF(ISERROR(FIND(":",H33)),IF(H33<>"-",1*H33,H33),1*LEFT(H33,FIND(":",H33)-1)+RIGHT(H33,LEN(H33)-FIND(":",H33))/60) -> - | T33: =IF(ISERROR(FIND(":",I33)),IF(I33<>"-",1*I33,I33),1*LEFT(I33,FIND(":",I33)-1)+RIGHT(I33,LEN(I33)-FIND(":",I33))/60) -> 141.5 | U33: =ASIN(N33/J33)*180/PI() -> 0 | W33: =J33*COS(U33*PI()/180) -> 33.8 | X33: =J33*SIN(U33*PI()/180) -> 0 | Y33: =IF(R33="-",IF(S33>180,S33-180,S33+180),R33) -> 141.5
A34: =IF('Raw Data'!A34="","",'Raw Data'!A34) -> W | B34: =IF('Raw Data'!B34="","",'Raw Data'!B34) -> X | C34: =IF('Raw Data'!C34="","",'Raw Data'!C34) -> 4 | D34: =IF('Raw Data'!D34="","",'Raw Data'!D34) -> - | E34: =IF('Raw Data'!E34="","",'Raw Data'!E34) -> 0.5 | F34: =IF('Raw Data'!F34="","",'Raw Data'!F34) -> 8 | G34: =IF('Raw Data'!G34="","",SUBSTITUTE('Raw Data'!G34," ",":",1)) -> 132:10 | H34: =IF('Raw Data'!H34="","",SUBSTITUTE('Raw Data'!H34," ",":",1)) -> - | I34: =IF('Raw Data'!I34="","",SUBSTITUTE('Raw Data'!I34," ",":",1)) -> 132:10 | J34: =IF('Raw Data'!J34="","",IF(LEN(K34)>6,SQRT('Raw Data'!J34^2+N34^2),'Raw Data'!J34)) -> 47 | K34: =IF('Raw Data'!K34="","",IF(LEN('Raw Data'!K34)<7,SUBSTITUTE('Raw Data'!K34," ",":",1),'Raw Data'!K34)) -> water level | L34: =IF('Raw Data'!L34="","",'Raw Data'!L34) | M34: =IF('Raw Data'!M34="","",'Raw Data'!M34) -> 47 | N34: =IF('Raw Data'!N34="","",IF('Raw Data'!N34="-",0,'Raw Data'!N34)) -> 0 | O34: =IF('Raw Data'!O34="","",'Raw Data'!O34) -> -26.1 | P34: =IF('Raw Data'!P34="","",'Raw Data'!P34) -> Bearing from 2' to right. W to near side Duck II = 3.5. W to far side Duck II = 20.4 | Q34: =" " | R34: =IF(ISERROR(FIND(":",G34)),IF(G34<>"-",1*G34,G34),1*LEFT(G34,FIND(":",G34)-1)+RIGHT(G34,LEN(G34)-FIND(":",G34))/60) -> 132.16667 | S34: =IF(ISERROR(FIND(":",H34)),IF(H34<>"-",1*H34,H34),1*LEFT(H34,FIND(":",H34)-1)+RIGHT(H34,LEN(H34)-FIND(":",H34))/60) -> - | T34: =IF(ISERROR(FIND(":",I34)),IF(I34<>"-",1*I34,I34),1*LEFT(I34,FIND(":",I34)-1)+RIGHT(I34,LEN(I34)-FIND(":",I34))/60) -> 132.16667 | U34: =ASIN(N34/J34)*180/PI() -> 0 | W34: =J34*COS(U34*PI()/180) -> 47 | X34: =J34*SIN(U34*PI()/180) -> 0 | Y34: =IF(R34="-",IF(S34>180,S34-180,S34+180),R34) -> 132.16667
A35: =IF('Raw Data'!A35="","",'Raw Data'!A35) -> X | B35: =IF('Raw Data'!B35="","",'Raw Data'!B35) -> Y | C35: =IF('Raw Data'!C35="","",'Raw Data'!C35) -> 12 | D35: =IF('Raw Data'!D35="","",'Raw Data'!D35) -> - | E35: =IF('Raw Data'!E35="","",'Raw Data'!E35) -> 2 | F35: =IF('Raw Data'!F35="","",'Raw Data'!F35) -> 10 | G35: =IF('Raw Data'!G35="","",SUBSTITUTE('Raw Data'!G35," ",":",1)) -> - | H35: =IF('Raw Data'!H35="","",SUBSTITUTE('Raw Data'!H35," ",":",1)) -> 354 | I35: =IF('Raw Data'!I35="","",SUBSTITUTE('Raw Data'!I35," ",":",1)) -> 174 | J35: =IF('Raw Data'!J35="","",IF(LEN(K35)>6,SQRT('Raw Data'!J35^2+N35^2),'Raw Data'!J35)) -> 83.502934 | K35: =IF('Raw Data'!K35="","",IF(LEN('Raw Data'!K35)<7,SUBSTITUTE('Raw Data'!K35," ",":",1),'Raw Data'!K35)) -> fall 0.7' | L35: =IF('Raw Data'!L35="","",'Raw Data'!L35) | M35: =IF('Raw Data'!M35="","",'Raw Data'!M35) -> 83.5 | N35: =IF('Raw Data'!N35="","",IF('Raw Data'!N35="-",0,'Raw Data'!N35)) -> -0.7 | O35: =IF('Raw Data'!O35="","",'Raw Data'!O35) -> -26.1 | P35: =IF('Raw Data'!P35="","",'Raw Data'!P35) -> Y at lip of Sump II, 3" air space goes on 10 more | Q35: =" " | R35: =IF(ISERROR(FIND(":",G35)),IF(G35<>"-",1*G35,G35),1*LEFT(G35,FIND(":",G35)-1)+RIGHT(G35,LEN(G35)-FIND(":",G35))/60) -> - | S35: =IF(ISERROR(FIND(":",H35)),IF(H35<>"-",1*H35,H35),1*LEFT(H35,FIND(":",H35)-1)+RIGHT(H35,LEN(H35)-FIND(":",H35))/60) -> 354 | T35: =IF(ISERROR(FIND(":",I35)),IF(I35<>"-",1*I35,I35),1*LEFT(I35,FIND(":",I35)-1)+RIGHT(I35,LEN(I35)-FIND(":",I35))/60) -> 174 | U35: =ASIN(N35/J35)*180/PI() -> -0.48031265 | W35: =J35*COS(U35*PI()/180) -> 83.5 | X35: =J35*SIN(U35*PI()/180) -> -0.7 | Y35: =IF(R35="-",IF(S35>180,S35-180,S35+180),R35) -> 174
A36: =IF('Raw Data'!A36="","",'Raw Data'!A36) -> Y | B36: =IF('Raw Data'!B36="","",'Raw Data'!B36) | C36: =IF('Raw Data'!C36="","",'Raw Data'!C36) -> 0.4 (12) | D36: =IF('Raw Data'!D36="","",'Raw Data'!D36) -> - | E36: =IF('Raw Data'!E36="","",'Raw Data'!E36) -> 4 | F36: =IF('Raw Data'!F36="","",'Raw Data'!F36) -> 2 | G36: =IF('Raw Data'!G36="","",SUBSTITUTE('Raw Data'!G36," ",":",1)) | H36: =IF('Raw Data'!H36="","",SUBSTITUTE('Raw Data'!H36," ",":",1)) | I36: =IF('Raw Data'!I36="","",SUBSTITUTE('Raw Data'!I36," ",":",1)) | J36: =IF('Raw Data'!J36="","",IF(LEN(K36)>6,SQRT('Raw Data'!J36^2+N36^2),'Raw Data'!J36)) | K36: =IF('Raw Data'!K36="","",IF(LEN('Raw Data'!K36)<7,SUBSTITUTE('Raw Data'!K36," ",":",1),'Raw Data'!K36)) | L36: =IF('Raw Data'!L36="","",'Raw Data'!L36) | M36: =IF('Raw Data'!M36="","",'Raw Data'!M36) | N36: =IF('Raw Data'!N36="","",IF('Raw Data'!N36="-",0,'Raw Data'!N36)) | O36: =IF('Raw Data'!O36="","",'Raw Data'!O36) -> -26.8 | P36: =IF('Raw Data'!P36="","",'Raw Data'!P36) -> (Little sketch). Total 1010' | Q36: =" "
A37: =IF('Raw Data'!A37="","",'Raw Data'!A37) -> T | B37: =IF('Raw Data'!B37="","",'Raw Data'!B37) -> Ri | C37: =IF('Raw Data'!C37="","",'Raw Data'!C37) -> / | D37: =IF('Raw Data'!D37="","",'Raw Data'!D37) -> / | E37: =IF('Raw Data'!E37="","",'Raw Data'!E37) -> / | F37: =IF('Raw Data'!F37="","",'Raw Data'!F37) -> / | G37: =IF('Raw Data'!G37="","",SUBSTITUTE('Raw Data'!G37," ",":",1)) -> 19 | H37: =IF('Raw Data'!H37="","",SUBSTITUTE('Raw Data'!H37," ",":",1)) -> - | I37: =IF('Raw Data'!I37="","",SUBSTITUTE('Raw Data'!I37," ",":",1)) -> 19 | J37: =IF('Raw Data'!J37="","",IF(LEN(K37)>6,SQRT('Raw Data'!J37^2+N37^2),'Raw Data'!J37)) -> 22.1 | K37: =IF('Raw Data'!K37="","",IF(LEN('Raw Data'!K37)<7,SUBSTITUTE('Raw Data'!K37," ",":",1),'Raw Data'!K37)) -> 20 | L37: =IF('Raw Data'!L37="","",'Raw Data'!L37) | M37: =IF('Raw Data'!M37="","",'Raw Data'!M37) -> 20.8 | N37: =IF('Raw Data'!N37="","",IF('Raw Data'!N37="-",0,'Raw Data'!N37)) -> 7.6 | O37: =IF('Raw Data'!O37="","",'Raw Data'!O37) -> -22.9 | P37: =IF('Raw Data'!P37="","",'Raw Data'!P37) | Q37: =" " | R37: =IF(ISERROR(FIND(":",G37)),IF(G37<>"-",1*G37,G37),1*LEFT(G37,FIND(":",G37)-1)+RIGHT(G37,LEN(G37)-FIND(":",G37))/60) -> 19 | S37: =IF(ISERROR(FIND(":",H37)),IF(H37<>"-",1*H37,H37),1*LEFT(H37,FIND(":",H37)-1)+RIGHT(H37,LEN(H37)-FIND(":",H37))/60) -> - | T37: =IF(ISERROR(FIND(":",I37)),IF(I37<>"-",1*I37,I37),1*LEFT(I37,FIND(":",I37)-1)+RIGHT(I37,LEN(I37)-FIND(":",I37))/60) -> 19 | U37: =IF(ISERROR(FIND(":",K37)),K37,1*CONCATENATE(LEFT(K37,FIND(":",K37)-1),".",MID(RIGHT(K37,LEN(K37)-FIND(":",K37))/60,3,8))) -> 20 | W37: =J37*COS(U37*PI()/180) -> 20.767207 | X37: =J37*SIN(U37*PI()/180) -> 7.5586452 | Y37: =IF(R37="-",IF(S37>180,S37-180,S37+180),R37) -> 19
A38: =IF('Raw Data'!A38="","",'Raw Data'!A38) -> Ri | B38: =IF('Raw Data'!B38="","",'Raw Data'!B38) -> Rii | C38: =IF('Raw Data'!C38="","",'Raw Data'!C38) -> 1 | D38: =IF('Raw Data'!D38="","",'Raw Data'!D38) -> 0.5 | E38: =IF('Raw Data'!E38="","",'Raw Data'!E38) -> 8 | F38: =IF('Raw Data'!F38="","",'Raw Data'!F38) -> 8 | G38: =IF('Raw Data'!G38="","",SUBSTITUTE('Raw Data'!G38," ",":",1)) -> 315 | H38: =IF('Raw Data'!H38="","",SUBSTITUTE('Raw Data'!H38," ",":",1)) -> - | I38: =IF('Raw Data'!I38="","",SUBSTITUTE('Raw Data'!I38," ",":",1)) -> 315 | J38: =IF('Raw Data'!J38="","",IF(LEN(K38)>6,SQRT('Raw Data'!J38^2+N38^2),'Raw Data'!J38)) -> 46 | K38: =IF('Raw Data'!K38="","",IF(LEN('Raw Data'!K38)<7,SUBSTITUTE('Raw Data'!K38," ",":",1),'Raw Data'!K38)) -> -3 | L38: =IF('Raw Data'!L38="","",'Raw Data'!L38) | M38: =IF('Raw Data'!M38="","",'Raw Data'!M38) -> 45.9 | N38: =IF('Raw Data'!N38="","",IF('Raw Data'!N38="-",0,'Raw Data'!N38)) -> -2.4 | O38: =IF('Raw Data'!O38="","",'Raw Data'!O38) -> -15.5 | P38: =IF('Raw Data'!P38="","",'Raw Data'!P38) -> Sump on left at 41' feet | Q38: =" " | R38: =IF(ISERROR(FIND(":",G38)),IF(G38<>"-",1*G38,G38),1*LEFT(G38,FIND(":",G38)-1)+RIGHT(G38,LEN(G38)-FIND(":",G38))/60) -> 315 | S38: =IF(ISERROR(FIND(":",H38)),IF(H38<>"-",1*H38,H38),1*LEFT(H38,FIND(":",H38)-1)+RIGHT(H38,LEN(H38)-FIND(":",H38))/60) -> - | T38: =IF(ISERROR(FIND(":",I38)),IF(I38<>"-",1*I38,I38),1*LEFT(I38,FIND(":",I38)-1)+RIGHT(I38,LEN(I38)-FIND(":",I38))/60) -> 315 | U38: =IF(ISERROR(FIND(":",K38)),K38,1*CONCATENATE(LEFT(K38,FIND(":",K38)-1),".",MID(RIGHT(K38,LEN(K38)-FIND(":",K38))/60,3,8))) -> -3 | W38: =J38*COS(U38*PI()/180) -> 45.936959 | X38: =J38*SIN(U38*PI()/180) -> -2.407454 | Y38: =IF(R38="-",IF(S38>180,S38-180,S38+180),R38) -> 315
A39: =IF('Raw Data'!A39="","",'Raw Data'!A39) -> Rii | B39: =IF('Raw Data'!B39="","",'Raw Data'!B39) -> Riii | C39: =IF('Raw Data'!C39="","",'Raw Data'!C39) -> 1 | D39: =IF('Raw Data'!D39="","",'Raw Data'!D39) -> 2 | E39: =IF('Raw Data'!E39="","",'Raw Data'!E39) -> 4 | F39: =IF('Raw Data'!F39="","",'Raw Data'!F39) -> 4 | G39: =IF('Raw Data'!G39="","",SUBSTITUTE('Raw Data'!G39," ",":",1)) -> 348 | H39: =IF('Raw Data'!H39="","",SUBSTITUTE('Raw Data'!H39," ",":",1)) -> - | I39: =IF('Raw Data'!I39="","",SUBSTITUTE('Raw Data'!I39," ",":",1)) -> 348 | J39: =IF('Raw Data'!J39="","",IF(LEN(K39)>6,SQRT('Raw Data'!J39^2+N39^2),'Raw Data'!J39)) -> 32 | K39: =IF('Raw Data'!K39="","",IF(LEN('Raw Data'!K39)<7,SUBSTITUTE('Raw Data'!K39," ",":",1),'Raw Data'!K39)) -> 2 | L39: =IF('Raw Data'!L39="","",'Raw Data'!L39) | M39: =IF('Raw Data'!M39="","",'Raw Data'!M39) -> 32 | N39: =IF('Raw Data'!N39="","",IF('Raw Data'!N39="-",0,'Raw Data'!N39)) -> 1.1 | O39: =IF('Raw Data'!O39="","",'Raw Data'!O39) -> -17.7 | P39: =IF('Raw Data'!P39="","",'Raw Data'!P39) -> Bearing from 3 feet to left | Q39: =" " | R39: =IF(ISERROR(FIND(":",G39)),IF(G39<>"-",1*G39,G39),1*LEFT(G39,FIND(":",G39)-1)+RIGHT(G39,LEN(G39)-FIND(":",G39))/60) -> 348 | S39: =IF(ISERROR(FIND(":",H39)),IF(H39<>"-",1*H39,H39),1*LEFT(H39,FIND(":",H39)-1)+RIGHT(H39,LEN(H39)-FIND(":",H39))/60) -> - | T39: =IF(ISERROR(FIND(":",I39)),IF(I39<>"-",1*I39,I39),1*LEFT(I39,FIND(":",I39)-1)+RIGHT(I39,LEN(I39)-FIND(":",I39))/60) -> 348 | U39: =IF(ISERROR(FIND(":",K39)),K39,1*CONCATENATE(LEFT(K39,FIND(":",K39)-1),".",MID(RIGHT(K39,LEN(K39)-FIND(":",K39))/60,3,8))) -> 2 | W39: =J39*COS(U39*PI()/180) -> 31.980506 | X39: =J39*SIN(U39*PI()/180) -> 1.1167839 | Y39: =IF(R39="-",IF(S39>180,S39-180,S39+180),R39) -> 348
A40: =IF('Raw Data'!A40="","",'Raw Data'!A40) -> Riii | B40: =IF('Raw Data'!B40="","",'Raw Data'!B40) -> Riv | C40: =IF('Raw Data'!C40="","",'Raw Data'!C40) -> 2 | D40: =IF('Raw Data'!D40="","",'Raw Data'!D40) -> 1.5 | E40: =IF('Raw Data'!E40="","",'Raw Data'!E40) -> 5 | F40: =IF('Raw Data'!F40="","",'Raw Data'!F40) -> 2 | G40: =IF('Raw Data'!G40="","",SUBSTITUTE('Raw Data'!G40," ",":",1)) -> 284 | H40: =IF('Raw Data'!H40="","",SUBSTITUTE('Raw Data'!H40," ",":",1)) -> - | I40: =IF('Raw Data'!I40="","",SUBSTITUTE('Raw Data'!I40," ",":",1)) -> 284 | J40: =IF('Raw Data'!J40="","",IF(LEN(K40)>6,SQRT('Raw Data'!J40^2+N40^2),'Raw Data'!J40)) -> 27.591484 | K40: =IF('Raw Data'!K40="","",IF(LEN('Raw Data'!K40)<7,SUBSTITUTE('Raw Data'!K40," ",":",1),'Raw Data'!K40)) -> fall 4 feet | L40: =IF('Raw Data'!L40="","",'Raw Data'!L40) | M40: =IF('Raw Data'!M40="","",'Raw Data'!M40) -> 27.3 | N40: =IF('Raw Data'!N40="","",IF('Raw Data'!N40="-",0,'Raw Data'!N40)) -> -4 | O40: =IF('Raw Data'!O40="","",'Raw Data'!O40) -> -16.6 | P40: =IF('Raw Data'!P40="","",'Raw Data'!P40) -> Bearing from 2' to left. Iv is Muddy Sump. Dp below Sump I is 20.6 feet. Total 1127' | Q40: =" " | R40: =IF(ISERROR(FIND(":",G40)),IF(G40<>"-",1*G40,G40),1*LEFT(G40,FIND(":",G40)-1)+RIGHT(G40,LEN(G40)-FIND(":",G40))/60) -> 284 | S40: =IF(ISERROR(FIND(":",H40)),IF(H40<>"-",1*H40,H40),1*LEFT(H40,FIND(":",H40)-1)+RIGHT(H40,LEN(H40)-FIND(":",H40))/60) -> - | T40: =IF(ISERROR(FIND(":",I40)),IF(I40<>"-",1*I40,I40),1*LEFT(I40,FIND(":",I40)-1)+RIGHT(I40,LEN(I40)-FIND(":",I40))/60) -> 284 | U40: =ASIN(N40/J40)*180/PI() -> -8.3356732 | W40: =J40*COS(U40*PI()/180) -> 27.3 | X40: =J40*SIN(U40*PI()/180) -> -4 | Y40: =IF(R40="-",IF(S40>180,S40-180,S40+180),R40) -> 284
A41: =IF('Raw Data'!A41="","",'Raw Data'!A41) -> a | B41: =IF('Raw Data'!B41="","",'Raw Data'!B41) -> b | C41: =IF('Raw Data'!C41="","",'Raw Data'!C41) -> / | D41: =IF('Raw Data'!D41="","",'Raw Data'!D41) -> 1 | E41: =IF('Raw Data'!E41="","",'Raw Data'!E41) -> 3 | F41: =IF('Raw Data'!F41="","",'Raw Data'!F41) -> / | G41: =IF('Raw Data'!G41="","",SUBSTITUTE('Raw Data'!G41," ",":",1)) -> 83 | H41: =IF('Raw Data'!H41="","",SUBSTITUTE('Raw Data'!H41," ",":",1)) -> - | I41: =IF('Raw Data'!I41="","",SUBSTITUTE('Raw Data'!I41," ",":",1)) -> 83 | J41: =IF('Raw Data'!J41="","",IF(LEN(K41)>6,SQRT('Raw Data'!J41^2+N41^2),'Raw Data'!J41)) -> 43 | K41: =IF('Raw Data'!K41="","",IF(LEN('Raw Data'!K41)<7,SUBSTITUTE('Raw Data'!K41," ",":",1),'Raw Data'!K41)) -> 15 | L41: =IF('Raw Data'!L41="","",'Raw Data'!L41) | M41: =IF('Raw Data'!M41="","",'Raw Data'!M41) -> 41.5 | N41: =IF('Raw Data'!N41="","",IF('Raw Data'!N41="-",0,'Raw Data'!N41)) -> 11.1 | O41: =IF('Raw Data'!O41="","",'Raw Data'!O41) -> -4.6 | P41: =IF('Raw Data'!P41="","",'Raw Data'!P41) -> a is on N.Side of passage just before Creep I -> (sketch) | Q41: =" " | R41: =IF(ISERROR(FIND(":",G41)),IF(G41<>"-",1*G41,G41),1*LEFT(G41,FIND(":",G41)-1)+RIGHT(G41,LEN(G41)-FIND(":",G41))/60) -> 83 | S41: =IF(ISERROR(FIND(":",H41)),IF(H41<>"-",1*H41,H41),1*LEFT(H41,FIND(":",H41)-1)+RIGHT(H41,LEN(H41)-FIND(":",H41))/60) -> - | T41: =IF(ISERROR(FIND(":",I41)),IF(I41<>"-",1*I41,I41),1*LEFT(I41,FIND(":",I41)-1)+RIGHT(I41,LEN(I41)-FIND(":",I41))/60) -> 83 | U41: =IF(ISERROR(FIND(":",K41)),K41,1*CONCATENATE(LEFT(K41,FIND(":",K41)-1),".",MID(RIGHT(K41,LEN(K41)-FIND(":",K41))/60,3,8))) -> 15 | W41: =J41*COS(U41*PI()/180) -> 41.534811 | X41: =J41*SIN(U41*PI()/180) -> 11.129219 | Y41: =IF(R41="-",IF(S41>180,S41-180,S41+180),R41) -> 83
A42: =IF('Raw Data'!A42="","",'Raw Data'!A42) -> b | B42: =IF('Raw Data'!B42="","",'Raw Data'!B42) -> c | C42: =IF('Raw Data'!C42="","",'Raw Data'!C42) -> / | D42: =IF('Raw Data'!D42="","",'Raw Data'!D42) -> 2 | E42: =IF('Raw Data'!E42="","",'Raw Data'!E42) -> 5 | F42: =IF('Raw Data'!F42="","",'Raw Data'!F42) -> 7 | G42: =IF('Raw Data'!G42="","",SUBSTITUTE('Raw Data'!G42," ",":",1)) -> 6 | H42: =IF('Raw Data'!H42="","",SUBSTITUTE('Raw Data'!H42," ",":",1)) -> - | I42: =IF('Raw Data'!I42="","",SUBSTITUTE('Raw Data'!I42," ",":",1)) -> 6 | J42: =IF('Raw Data'!J42="","",IF(LEN(K42)>6,SQRT('Raw Data'!J42^2+N42^2),'Raw Data'!J42)) -> 20.7 | K42: =IF('Raw Data'!K42="","",IF(LEN('Raw Data'!K42)<7,SUBSTITUTE('Raw Data'!K42," ",":",1),'Raw Data'!K42)) -> 8 | L42: =IF('Raw Data'!L42="","",'Raw Data'!L42) | M42: =IF('Raw Data'!M42="","",'Raw Data'!M42) -> 20.5 | N42: =IF('Raw Data'!N42="","",IF('Raw Data'!N42="-",0,'Raw Data'!N42)) -> 2.9 | O42: =IF('Raw Data'!O42="","",'Raw Data'!O42) -> 6.5 | P42: =IF('Raw Data'!P42="","",'Raw Data'!P42) | Q42: =" " | R42: =IF(ISERROR(FIND(":",G42)),IF(G42<>"-",1*G42,G42),1*LEFT(G42,FIND(":",G42)-1)+RIGHT(G42,LEN(G42)-FIND(":",G42))/60) -> 6 | S42: =IF(ISERROR(FIND(":",H42)),IF(H42<>"-",1*H42,H42),1*LEFT(H42,FIND(":",H42)-1)+RIGHT(H42,LEN(H42)-FIND(":",H42))/60) -> - | T42: =IF(ISERROR(FIND(":",I42)),IF(I42<>"-",1*I42,I42),1*LEFT(I42,FIND(":",I42)-1)+RIGHT(I42,LEN(I42)-FIND(":",I42))/60) -> 6 | U42: =IF(ISERROR(FIND(":",K42)),K42,1*CONCATENATE(LEFT(K42,FIND(":",K42)-1),".",MID(RIGHT(K42,LEN(K42)-FIND(":",K42))/60,3,8))) -> 8 | W42: =J42*COS(U42*PI()/180) -> 20.498549 | X42: =J42*SIN(U42*PI()/180) -> 2.8808832 | Y42: =IF(R42="-",IF(S42>180,S42-180,S42+180),R42) -> 6
A43: =IF('Raw Data'!A43="","",'Raw Data'!A43) -> c | B43: =IF('Raw Data'!B43="","",'Raw Data'!B43) -> d | C43: =IF('Raw Data'!C43="","",'Raw Data'!C43) -> / | D43: =IF('Raw Data'!D43="","",'Raw Data'!D43) -> 1 | E43: =IF('Raw Data'!E43="","",'Raw Data'!E43) -> 2 | F43: =IF('Raw Data'!F43="","",'Raw Data'!F43) -> 3 | G43: =IF('Raw Data'!G43="","",SUBSTITUTE('Raw Data'!G43," ",":",1)) -> 42 | H43: =IF('Raw Data'!H43="","",SUBSTITUTE('Raw Data'!H43," ",":",1)) -> - | I43: =IF('Raw Data'!I43="","",SUBSTITUTE('Raw Data'!I43," ",":",1)) -> 42 | J43: =IF('Raw Data'!J43="","",IF(LEN(K43)>6,SQRT('Raw Data'!J43^2+N43^2),'Raw Data'!J43)) -> 11.3 | K43: =IF('Raw Data'!K43="","",IF(LEN('Raw Data'!K43)<7,SUBSTITUTE('Raw Data'!K43," ",":",1),'Raw Data'!K43)) -> 10 | L43: =IF('Raw Data'!L43="","",'Raw Data'!L43) | M43: =IF('Raw Data'!M43="","",'Raw Data'!M43) -> 11.1 | N43: =IF('Raw Data'!N43="","",IF('Raw Data'!N43="-",0,'Raw Data'!N43)) -> 2 | O43: =IF('Raw Data'!O43="","",'Raw Data'!O43) -> 17.5 (? indistinct) | P43: =IF('Raw Data'!P43="","",'Raw Data'!P43) | Q43: =" " | R43: =IF(ISERROR(FIND(":",G43)),IF(G43<>"-",1*G43,G43),1*LEFT(G43,FIND(":",G43)-1)+RIGHT(G43,LEN(G43)-FIND(":",G43))/60) -> 42 | S43: =IF(ISERROR(FIND(":",H43)),IF(H43<>"-",1*H43,H43),1*LEFT(H43,FIND(":",H43)-1)+RIGHT(H43,LEN(H43)-FIND(":",H43))/60) -> - | T43: =IF(ISERROR(FIND(":",I43)),IF(I43<>"-",1*I43,I43),1*LEFT(I43,FIND(":",I43)-1)+RIGHT(I43,LEN(I43)-FIND(":",I43))/60) -> 42 | U43: =IF(ISERROR(FIND(":",K43)),K43,1*CONCATENATE(LEFT(K43,FIND(":",K43)-1),".",MID(RIGHT(K43,LEN(K43)-FIND(":",K43))/60,3,8))) -> 10 | W43: =J43*COS(U43*PI()/180) -> 11.128328 | X43: =J43*SIN(U43*PI()/180) -> 1.9622244 | Y43: =IF(R43="-",IF(S43>180,S43-180,S43+180),R43) -> 42
A44: =IF('Raw Data'!A44="","",'Raw Data'!A44) -> d | B44: =IF('Raw Data'!B44="","",'Raw Data'!B44) -> e | C44: =IF('Raw Data'!C44="","",'Raw Data'!C44) -> / | D44: =IF('Raw Data'!D44="","",'Raw Data'!D44) -> 0.5 | E44: =IF('Raw Data'!E44="","",'Raw Data'!E44) -> 1 | F44: =IF('Raw Data'!F44="","",'Raw Data'!F44) -> / | G44: =IF('Raw Data'!G44="","",SUBSTITUTE('Raw Data'!G44," ",":",1)) -> 139 | H44: =IF('Raw Data'!H44="","",SUBSTITUTE('Raw Data'!H44," ",":",1)) -> - | I44: =IF('Raw Data'!I44="","",SUBSTITUTE('Raw Data'!I44," ",":",1)) -> 139 | J44: =IF('Raw Data'!J44="","",IF(LEN(K44)>6,SQRT('Raw Data'!J44^2+N44^2),'Raw Data'!J44)) -> 18.9 | K44: =IF('Raw Data'!K44="","",IF(LEN('Raw Data'!K44)<7,SUBSTITUTE('Raw Data'!K44," ",":",1),'Raw Data'!K44)) -> level | L44: =IF('Raw Data'!L44="","",'Raw Data'!L44) | M44: =IF('Raw Data'!M44="","",'Raw Data'!M44) -> 18.9 | N44: =IF('Raw Data'!N44="","",IF('Raw Data'!N44="-",0,'Raw Data'!N44)) -> 0 | O44: =IF('Raw Data'!O44="","",'Raw Data'!O44) -> 11.4 | P44: =IF('Raw Data'!P44="","",'Raw Data'!P44) -> (e) is where passage rejoins streamway. Stn 35 (p.52)-(e) is F.S. 234 (TRUE), Dist 18', Clino +45 (deg), HD 12.7, VD +12.7 | Q44: =" " | R44: =IF(ISERROR(FIND(":",G44)),IF(G44<>"-",1*G44,G44),1*LEFT(G44,FIND(":",G44)-1)+RIGHT(G44,LEN(G44)-FIND(":",G44))/60) -> 139 | S44: =IF(ISERROR(FIND(":",H44)),IF(H44<>"-",1*H44,H44),1*LEFT(H44,FIND(":",H44)-1)+RIGHT(H44,LEN(H44)-FIND(":",H44))/60) -> - | T44: =IF(ISERROR(FIND(":",I44)),IF(I44<>"-",1*I44,I44),1*LEFT(I44,FIND(":",I44)-1)+RIGHT(I44,LEN(I44)-FIND(":",I44))/60) -> 139 | U44: =ASIN(N44/J44)*180/PI() -> 0 | W44: =J44*COS(U44*PI()/180) -> 18.9 | X44: =J44*SIN(U44*PI()/180) -> 0 | Y44: =IF(R44="-",IF(S44>180,S44-180,S44+180),R44) -> 139
A45: =IF('Raw Data'!A45="","",'Raw Data'!A45) -> d | B45: =IF('Raw Data'!B45="","",'Raw Data'!B45) -> f | C45: =IF('Raw Data'!C45="","",'Raw Data'!C45) -> / | D45: =IF('Raw Data'!D45="","",'Raw Data'!D45) -> / | E45: =IF('Raw Data'!E45="","",'Raw Data'!E45) -> / | F45: =IF('Raw Data'!F45="","",'Raw Data'!F45) -> 6 | G45: =IF('Raw Data'!G45="","",SUBSTITUTE('Raw Data'!G45," ",":",1)) -> 245 | H45: =IF('Raw Data'!H45="","",SUBSTITUTE('Raw Data'!H45," ",":",1)) -> - | I45: =IF('Raw Data'!I45="","",SUBSTITUTE('Raw Data'!I45," ",":",1)) -> 245 | J45: =IF('Raw Data'!J45="","",IF(LEN(K45)>6,SQRT('Raw Data'!J45^2+N45^2),'Raw Data'!J45)) -> 10.3 | K45: =IF('Raw Data'!K45="","",IF(LEN('Raw Data'!K45)<7,SUBSTITUTE('Raw Data'!K45," ",":",1),'Raw Data'!K45)) -> 60 | L45: =IF('Raw Data'!L45="","",'Raw Data'!L45) | M45: =IF('Raw Data'!M45="","",'Raw Data'!M45) -> 5.1 | N45: =IF('Raw Data'!N45="","",IF('Raw Data'!N45="-",0,'Raw Data'!N45)) -> 8.9 | O45: =IF('Raw Data'!O45="","",'Raw Data'!O45) -> 11.4 | P45: =IF('Raw Data'!P45="","",'Raw Data'!P45) | Q45: =" " | R45: =IF(ISERROR(FIND(":",G45)),IF(G45<>"-",1*G45,G45),1*LEFT(G45,FIND(":",G45)-1)+RIGHT(G45,LEN(G45)-FIND(":",G45))/60) -> 245 | S45: =IF(ISERROR(FIND(":",H45)),IF(H45<>"-",1*H45,H45),1*LEFT(H45,FIND(":",H45)-1)+RIGHT(H45,LEN(H45)-FIND(":",H45))/60) -> - | T45: =IF(ISERROR(FIND(":",I45)),IF(I45<>"-",1*I45,I45),1*LEFT(I45,FIND(":",I45)-1)+RIGHT(I45,LEN(I45)-FIND(":",I45))/60) -> 245 | U45: =IF(ISERROR(FIND(":",K45)),K45,1*CONCATENATE(LEFT(K45,FIND(":",K45)-1),".",MID(RIGHT(K45,LEN(K45)-FIND(":",K45))/60,3,8))) -> 60 | W45: =J45*COS(U45*PI()/180) -> 5.15 | X45: =J45*SIN(U45*PI()/180) -> 8.9200617 | Y45: =IF(R45="-",IF(S45>180,S45-180,S45+180),R45) -> 245
A46: =IF('Raw Data'!A46="","",'Raw Data'!A46) -> f | B46: =IF('Raw Data'!B46="","",'Raw Data'!B46) -> g | C46: =IF('Raw Data'!C46="","",'Raw Data'!C46) -> / | D46: =IF('Raw Data'!D46="","",'Raw Data'!D46) -> / | E46: =IF('Raw Data'!E46="","",'Raw Data'!E46) -> 1 | F46: =IF('Raw Data'!F46="","",'Raw Data'!F46) -> 1 | G46: =IF('Raw Data'!G46="","",SUBSTITUTE('Raw Data'!G46," ",":",1)) -> 319 | H46: =IF('Raw Data'!H46="","",SUBSTITUTE('Raw Data'!H46," ",":",1)) -> - | I46: =IF('Raw Data'!I46="","",SUBSTITUTE('Raw Data'!I46," ",":",1)) -> 319 | J46: =IF('Raw Data'!J46="","",IF(LEN(K46)>6,SQRT('Raw Data'!J46^2+N46^2),'Raw Data'!J46)) -> 6.2 | K46: =IF('Raw Data'!K46="","",IF(LEN('Raw Data'!K46)<7,SUBSTITUTE('Raw Data'!K46," ",":",1),'Raw Data'!K46)) -> level | L46: =IF('Raw Data'!L46="","",'Raw Data'!L46) | M46: =IF('Raw Data'!M46="","",'Raw Data'!M46) -> 6.2 | N46: =IF('Raw Data'!N46="","",IF('Raw Data'!N46="-",0,'Raw Data'!N46)) -> 0 | O46: =IF('Raw Data'!O46="","",'Raw Data'!O46) -> 20.3 | P46: =IF('Raw Data'!P46="","",'Raw Data'!P46) | Q46: =" " | R46: =IF(ISERROR(FIND(":",G46)),IF(G46<>"-",1*G46,G46),1*LEFT(G46,FIND(":",G46)-1)+RIGHT(G46,LEN(G46)-FIND(":",G46))/60) -> 319 | S46: =IF(ISERROR(FIND(":",H46)),IF(H46<>"-",1*H46,H46),1*LEFT(H46,FIND(":",H46)-1)+RIGHT(H46,LEN(H46)-FIND(":",H46))/60) -> - | T46: =IF(ISERROR(FIND(":",I46)),IF(I46<>"-",1*I46,I46),1*LEFT(I46,FIND(":",I46)-1)+RIGHT(I46,LEN(I46)-FIND(":",I46))/60) -> 319 | U46: =ASIN(N46/J46)*180/PI() -> 0 | W46: =J46*COS(U46*PI()/180) -> 6.2 | X46: =J46*SIN(U46*PI()/180) -> 0 | Y46: =IF(R46="-",IF(S46>180,S46-180,S46+180),R46) -> 319
A47: =IF('Raw Data'!A47="","",'Raw Data'!A47) -> g | B47: =IF('Raw Data'!B47="","",'Raw Data'!B47) -> h | C47: =IF('Raw Data'!C47="","",'Raw Data'!C47) -> / | D47: =IF('Raw Data'!D47="","",'Raw Data'!D47) -> / | E47: =IF('Raw Data'!E47="","",'Raw Data'!E47) -> / | F47: =IF('Raw Data'!F47="","",'Raw Data'!F47) -> 2 | G47: =IF('Raw Data'!G47="","",SUBSTITUTE('Raw Data'!G47," ",":",1)) -> 237 | H47: =IF('Raw Data'!H47="","",SUBSTITUTE('Raw Data'!H47," ",":",1)) -> - | I47: =IF('Raw Data'!I47="","",SUBSTITUTE('Raw Data'!I47," ",":",1)) -> 237 | J47: =IF('Raw Data'!J47="","",IF(LEN(K47)>6,SQRT('Raw Data'!J47^2+N47^2),'Raw Data'!J47)) -> 16 | K47: =IF('Raw Data'!K47="","",IF(LEN('Raw Data'!K47)<7,SUBSTITUTE('Raw Data'!K47," ",":",1),'Raw Data'!K47)) -> 65 | L47: =IF('Raw Data'!L47="","",'Raw Data'!L47) | M47: =IF('Raw Data'!M47="","",'Raw Data'!M47) -> 6.8 | N47: =IF('Raw Data'!N47="","",IF('Raw Data'!N47="-",0,'Raw Data'!N47)) -> 14.5 | O47: =IF('Raw Data'!O47="","",'Raw Data'!O47) -> 20.3 | P47: =IF('Raw Data'!P47="","",'Raw Data'!P47) | Q47: =" " | R47: =IF(ISERROR(FIND(":",G47)),IF(G47<>"-",1*G47,G47),1*LEFT(G47,FIND(":",G47)-1)+RIGHT(G47,LEN(G47)-FIND(":",G47))/60) -> 237 | S47: =IF(ISERROR(FIND(":",H47)),IF(H47<>"-",1*H47,H47),1*LEFT(H47,FIND(":",H47)-1)+RIGHT(H47,LEN(H47)-FIND(":",H47))/60) -> - | T47: =IF(ISERROR(FIND(":",I47)),IF(I47<>"-",1*I47,I47),1*LEFT(I47,FIND(":",I47)-1)+RIGHT(I47,LEN(I47)-FIND(":",I47))/60) -> 237 | U47: =IF(ISERROR(FIND(":",K47)),K47,1*CONCATENATE(LEFT(K47,FIND(":",K47)-1),".",MID(RIGHT(K47,LEN(K47)-FIND(":",K47))/60,3,8))) -> 65 | W47: =J47*COS(U47*PI()/180) -> 6.7618922 | X47: =J47*SIN(U47*PI()/180) -> 14.500925 | Y47: =IF(R47="-",IF(S47>180,S47-180,S47+180),R47) -> 237
A48: =IF('Raw Data'!A48="","",'Raw Data'!A48) -> h | B48: =IF('Raw Data'!B48="","",'Raw Data'!B48) -> i | C48: =IF('Raw Data'!C48="","",'Raw Data'!C48) -> 3 (8 in aven) | D48: =IF('Raw Data'!D48="","",'Raw Data'!D48) -> 1 | E48: =IF('Raw Data'!E48="","",'Raw Data'!E48) -> 1 | F48: =IF('Raw Data'!F48="","",'Raw Data'!F48) -> 1 | G48: =IF('Raw Data'!G48="","",SUBSTITUTE('Raw Data'!G48," ",":",1)) -> 329 | H48: =IF('Raw Data'!H48="","",SUBSTITUTE('Raw Data'!H48," ",":",1)) -> - | I48: =IF('Raw Data'!I48="","",SUBSTITUTE('Raw Data'!I48," ",":",1)) -> 329 | J48: =IF('Raw Data'!J48="","",IF(LEN(K48)>6,SQRT('Raw Data'!J48^2+N48^2),'Raw Data'!J48)) -> 46 | K48: =IF('Raw Data'!K48="","",IF(LEN('Raw Data'!K48)<7,SUBSTITUTE('Raw Data'!K48," ",":",1),'Raw Data'!K48)) -> level | L48: =IF('Raw Data'!L48="","",'Raw Data'!L48) | M48: =IF('Raw Data'!M48="","",'Raw Data'!M48) -> 46 | N48: =IF('Raw Data'!N48="","",IF('Raw Data'!N48="-",0,'Raw Data'!N48)) -> 0 | O48: =IF('Raw Data'!O48="","",'Raw Data'!O48) -> 34.8 | P48: =IF('Raw Data'!P48="","",'Raw Data'!P48) -> (i) is where passage gets too low. (some indistinct numbers follow. Too faint to read on logbook scan). Total 1207' (?) | Q48: =" " | R48: =IF(ISERROR(FIND(":",G48)),IF(G48<>"-",1*G48,G48),1*LEFT(G48,FIND(":",G48)-1)+RIGHT(G48,LEN(G48)-FIND(":",G48))/60) -> 329 | S48: =IF(ISERROR(FIND(":",H48)),IF(H48<>"-",1*H48,H48),1*LEFT(H48,FIND(":",H48)-1)+RIGHT(H48,LEN(H48)-FIND(":",H48))/60) -> - | T48: =IF(ISERROR(FIND(":",I48)),IF(I48<>"-",1*I48,I48),1*LEFT(I48,FIND(":",I48)-1)+RIGHT(I48,LEN(I48)-FIND(":",I48))/60) -> 329 | U48: =ASIN(N48/J48)*180/PI() -> 0 | W48: =J48*COS(U48*PI()/180) -> 46 | X48: =J48*SIN(U48*PI()/180) -> 0 | Y48: =IF(R48="-",IF(S48>180,S48-180,S48+180),R48) -> 329
A49: =IF('Raw Data'!A49="","",'Raw Data'!A49) -> M | B49: =IF('Raw Data'!B49="","",'Raw Data'!B49) -> 1 | C49: =IF('Raw Data'!C49="","",'Raw Data'!C49) -> / | D49: =IF('Raw Data'!D49="","",'Raw Data'!D49) -> / | E49: =IF('Raw Data'!E49="","",'Raw Data'!E49) -> / | F49: =IF('Raw Data'!F49="","",'Raw Data'!F49) -> / | G49: =IF('Raw Data'!G49="","",SUBSTITUTE('Raw Data'!G49," ",":",1)) -> - | H49: =IF('Raw Data'!H49="","",SUBSTITUTE('Raw Data'!H49," ",":",1)) -> 145 | I49: =IF('Raw Data'!I49="","",SUBSTITUTE('Raw Data'!I49," ",":",1)) -> 325 | J49: =IF('Raw Data'!J49="","",IF(LEN(K49)>6,SQRT('Raw Data'!J49^2+N49^2),'Raw Data'!J49)) -> 11.7 | K49: =IF('Raw Data'!K49="","",IF(LEN('Raw Data'!K49)<7,SUBSTITUTE('Raw Data'!K49," ",":",1),'Raw Data'!K49)) -> -20 | L49: =IF('Raw Data'!L49="","",'Raw Data'!L49) | M49: =IF('Raw Data'!M49="","",'Raw Data'!M49) -> 10.9 | N49: =IF('Raw Data'!N49="","",IF('Raw Data'!N49="-",0,'Raw Data'!N49)) -> -4 | O49: =IF('Raw Data'!O49="","",'Raw Data'!O49) -> -9.9 | P49: =IF('Raw Data'!P49="","",'Raw Data'!P49) | Q49: =" " | R49: =IF(ISERROR(FIND(":",G49)),IF(G49<>"-",1*G49,G49),1*LEFT(G49,FIND(":",G49)-1)+RIGHT(G49,LEN(G49)-FIND(":",G49))/60) -> - | S49: =IF(ISERROR(FIND(":",H49)),IF(H49<>"-",1*H49,H49),1*LEFT(H49,FIND(":",H49)-1)+RIGHT(H49,LEN(H49)-FIND(":",H49))/60) -> 145 | T49: =IF(ISERROR(FIND(":",I49)),IF(I49<>"-",1*I49,I49),1*LEFT(I49,FIND(":",I49)-1)+RIGHT(I49,LEN(I49)-FIND(":",I49))/60) -> 325 | U49: =IF(ISERROR(FIND(":",K49)),K49,1*CONCATENATE(LEFT(K49,FIND(":",K49)-1),".",MID(RIGHT(K49,LEN(K49)-FIND(":",K49))/60,3,8))) -> -20 | W49: =J49*COS(U49*PI()/180) -> 10.994404 | X49: =J49*SIN(U49*PI()/180) -> -4.0016357 | Y49: =IF(R49="-",IF(S49>180,S49-180,S49+180),R49) -> 325
A50: =IF('Raw Data'!A50="","",'Raw Data'!A50) -> 1 | B50: =IF('Raw Data'!B50="","",'Raw Data'!B50) -> 2 | C50: =IF('Raw Data'!C50="","",'Raw Data'!C50) -> / | D50: =IF('Raw Data'!D50="","",'Raw Data'!D50) -> 2.5 | E50: =IF('Raw Data'!E50="","",'Raw Data'!E50) -> / | F50: =IF('Raw Data'!F50="","",'Raw Data'!F50) -> / | G50: =IF('Raw Data'!G50="","",SUBSTITUTE('Raw Data'!G50," ",":",1)) -> 35 | H50: =IF('Raw Data'!H50="","",SUBSTITUTE('Raw Data'!H50," ",":",1)) -> - | I50: =IF('Raw Data'!I50="","",SUBSTITUTE('Raw Data'!I50," ",":",1)) -> 35 | J50: =IF('Raw Data'!J50="","",IF(LEN(K50)>6,SQRT('Raw Data'!J50^2+N50^2),'Raw Data'!J50)) -> 28.5 | K50: =IF('Raw Data'!K50="","",IF(LEN('Raw Data'!K50)<7,SUBSTITUTE('Raw Data'!K50," ",":",1),'Raw Data'!K50)) -> 85 | L50: =IF('Raw Data'!L50="","",'Raw Data'!L50) | M50: =IF('Raw Data'!M50="","",'Raw Data'!M50) -> 2.5 | N50: =IF('Raw Data'!N50="","",IF('Raw Data'!N50="-",0,'Raw Data'!N50)) -> 28.4 | O50: =IF('Raw Data'!O50="","",'Raw Data'!O50) -> 13.9 | P50: =IF('Raw Data'!P50="","",'Raw Data'!P50) | Q50: =" " | R50: =IF(ISERROR(FIND(":",G50)),IF(G50<>"-",1*G50,G50),1*LEFT(G50,FIND(":",G50)-1)+RIGHT(G50,LEN(G50)-FIND(":",G50))/60) -> 35 | S50: =IF(ISERROR(FIND(":",H50)),IF(H50<>"-",1*H50,H50),1*LEFT(H50,FIND(":",H50)-1)+RIGHT(H50,LEN(H50)-FIND(":",H50))/60) -> - | T50: =IF(ISERROR(FIND(":",I50)),IF(I50<>"-",1*I50,I50),1*LEFT(I50,FIND(":",I50)-1)+RIGHT(I50,LEN(I50)-FIND(":",I50))/60) -> 35 | U50: =IF(ISERROR(FIND(":",K50)),K50,1*CONCATENATE(LEFT(K50,FIND(":",K50)-1),".",MID(RIGHT(K50,LEN(K50)-FIND(":",K50))/60,3,8))) -> 85 | W50: =J50*COS(U50*PI()/180) -> 2.4839387 | X50: =J50*SIN(U50*PI()/180) -> 28.391549 | Y50: =IF(R50="-",IF(S50>180,S50-180,S50+180),R50) -> 35
A51: =IF('Raw Data'!A51="","",'Raw Data'!A51) -> 2 | B51: =IF('Raw Data'!B51="","",'Raw Data'!B51) -> 3 | C51: =IF('Raw Data'!C51="","",'Raw Data'!C51) -> 4 | D51: =IF('Raw Data'!D51="","",'Raw Data'!D51) -> - | E51: =IF('Raw Data'!E51="","",'Raw Data'!E51) -> 2 | F51: =IF('Raw Data'!F51="","",'Raw Data'!F51) -> 2 | G51: =IF('Raw Data'!G51="","",SUBSTITUTE('Raw Data'!G51," ",":",1)) -> - | H51: =IF('Raw Data'!H51="","",SUBSTITUTE('Raw Data'!H51," ",":",1)) -> 230 | I51: =IF('Raw Data'!I51="","",SUBSTITUTE('Raw Data'!I51," ",":",1)) -> 50 | J51: =IF('Raw Data'!J51="","",IF(LEN(K51)>6,SQRT('Raw Data'!J51^2+N51^2),'Raw Data'!J51)) -> 19.9 | K51: =IF('Raw Data'!K51="","",IF(LEN('Raw Data'!K51)<7,SUBSTITUTE('Raw Data'!K51," ",":",1),'Raw Data'!K51)) -> 16 | L51: =IF('Raw Data'!L51="","",'Raw Data'!L51) | M51: =IF('Raw Data'!M51="","",'Raw Data'!M51) -> 19.1 | N51: =IF('Raw Data'!N51="","",IF('Raw Data'!N51="-",0,'Raw Data'!N51)) -> 5.5 | O51: =IF('Raw Data'!O51="","",'Raw Data'!O51) -> + | P51: =IF('Raw Data'!P51="","",'Raw Data'!P51) -> 2 is on lip of Approach passage. Little passage starts 15 back. | Q51: =" " | R51: =IF(ISERROR(FIND(":",G51)),IF(G51<>"-",1*G51,G51),1*LEFT(G51,FIND(":",G51)-1)+RIGHT(G51,LEN(G51)-FIND(":",G51))/60) -> - | S51: =IF(ISERROR(FIND(":",H51)),IF(H51<>"-",1*H51,H51),1*LEFT(H51,FIND(":",H51)-1)+RIGHT(H51,LEN(H51)-FIND(":",H51))/60) -> 230 | T51: =IF(ISERROR(FIND(":",I51)),IF(I51<>"-",1*I51,I51),1*LEFT(I51,FIND(":",I51)-1)+RIGHT(I51,LEN(I51)-FIND(":",I51))/60) -> 50 | U51: =IF(ISERROR(FIND(":",K51)),K51,1*CONCATENATE(LEFT(K51,FIND(":",K51)-1),".",MID(RIGHT(K51,LEN(K51)-FIND(":",K51))/60,3,8))) -> 16 | W51: =J51*COS(U51*PI()/180) -> 19.129108 | X51: =J51*SIN(U51*PI()/180) -> 5.4851834 | Y51: =IF(R51="-",IF(S51>180,S51-180,S51+180),R51) -> 50
A52: =IF('Raw Data'!A52="","",'Raw Data'!A52) -> 3 | B52: =IF('Raw Data'!B52="","",'Raw Data'!B52) -> 4 | C52: =IF('Raw Data'!C52="","",'Raw Data'!C52) -> 2 | D52: =IF('Raw Data'!D52="","",'Raw Data'!D52) -> 1 | E52: =IF('Raw Data'!E52="","",'Raw Data'!E52) -> 2 | F52: =IF('Raw Data'!F52="","",'Raw Data'!F52) -> 2 | G52: =IF('Raw Data'!G52="","",SUBSTITUTE('Raw Data'!G52," ",":",1)) -> 122 | H52: =IF('Raw Data'!H52="","",SUBSTITUTE('Raw Data'!H52," ",":",1)) -> - | I52: =IF('Raw Data'!I52="","",SUBSTITUTE('Raw Data'!I52," ",":",1)) -> 122 | J52: =IF('Raw Data'!J52="","",IF(LEN(K52)>6,SQRT('Raw Data'!J52^2+N52^2),'Raw Data'!J52)) -> 16 | K52: =IF('Raw Data'!K52="","",IF(LEN('Raw Data'!K52)<7,SUBSTITUTE('Raw Data'!K52," ",":",1),'Raw Data'!K52)) -> 7 | L52: =IF('Raw Data'!L52="","",'Raw Data'!L52) | M52: =IF('Raw Data'!M52="","",'Raw Data'!M52) -> 15.9 | N52: =IF('Raw Data'!N52="","",IF('Raw Data'!N52="-",0,'Raw Data'!N52)) -> 1.9 | O52: =IF('Raw Data'!O52="","",'Raw Data'!O52) -> 22 | P52: =IF('Raw Data'!P52="","",'Raw Data'!P52) -> 3 - 12 Trench up to 2 feet deep in floor of this passage | Q52: =" " | R52: =IF(ISERROR(FIND(":",G52)),IF(G52<>"-",1*G52,G52),1*LEFT(G52,FIND(":",G52)-1)+RIGHT(G52,LEN(G52)-FIND(":",G52))/60) -> 122 | S52: =IF(ISERROR(FIND(":",H52)),IF(H52<>"-",1*H52,H52),1*LEFT(H52,FIND(":",H52)-1)+RIGHT(H52,LEN(H52)-FIND(":",H52))/60) -> - | T52: =IF(ISERROR(FIND(":",I52)),IF(I52<>"-",1*I52,I52),1*LEFT(I52,FIND(":",I52)-1)+RIGHT(I52,LEN(I52)-FIND(":",I52))/60) -> 122 | U52: =IF(ISERROR(FIND(":",K52)),K52,1*CONCATENATE(LEFT(K52,FIND(":",K52)-1),".",MID(RIGHT(K52,LEN(K52)-FIND(":",K52))/60,3,8))) -> 7 | W52: =J52*COS(U52*PI()/180) -> 15.880738 | X52: =J52*SIN(U52*PI()/180) -> 1.9499095 | Y52: =IF(R52="-",IF(S52>180,S52-180,S52+180),R52) -> 122
A53: =IF('Raw Data'!A53="","",'Raw Data'!A53) -> 4 | B53: =IF('Raw Data'!B53="","",'Raw Data'!B53) -> 5 | C53: =IF('Raw Data'!C53="","",'Raw Data'!C53) -> 2 | D53: =IF('Raw Data'!D53="","",'Raw Data'!D53) -> 1 | E53: =IF('Raw Data'!E53="","",'Raw Data'!E53) -> 2 | F53: =IF('Raw Data'!F53="","",'Raw Data'!F53) -> 4 | G53: =IF('Raw Data'!G53="","",SUBSTITUTE('Raw Data'!G53," ",":",1)) -> 59 | H53: =IF('Raw Data'!H53="","",SUBSTITUTE('Raw Data'!H53," ",":",1)) -> - | I53: =IF('Raw Data'!I53="","",SUBSTITUTE('Raw Data'!I53," ",":",1)) -> 59 | J53: =IF('Raw Data'!J53="","",IF(LEN(K53)>6,SQRT('Raw Data'!J53^2+N53^2),'Raw Data'!J53)) -> 18 | K53: =IF('Raw Data'!K53="","",IF(LEN('Raw Data'!K53)<7,SUBSTITUTE('Raw Data'!K53," ",":",1),'Raw Data'!K53)) -> 15 | L53: =IF('Raw Data'!L53="","",'Raw Data'!L53) | M53: =IF('Raw Data'!M53="","",'Raw Data'!M53) -> 17.4 | N53: =IF('Raw Data'!N53="","",IF('Raw Data'!N53="-",0,'Raw Data'!N53)) -> 4.7 | O53: =IF('Raw Data'!O53="","",'Raw Data'!O53) -> 26.9 | P53: =IF('Raw Data'!P53="","",'Raw Data'!P53) -> Little passage off to South from 4 | Q53: =" " | R53: =IF(ISERROR(FIND(":",G53)),IF(G53<>"-",1*G53,G53),1*LEFT(G53,FIND(":",G53)-1)+RIGHT(G53,LEN(G53)-FIND(":",G53))/60) -> 59 | S53: =IF(ISERROR(FIND(":",H53)),IF(H53<>"-",1*H53,H53),1*LEFT(H53,FIND(":",H53)-1)+RIGHT(H53,LEN(H53)-FIND(":",H53))/60) -> - | T53: =IF(ISERROR(FIND(":",I53)),IF(I53<>"-",1*I53,I53),1*LEFT(I53,FIND(":",I53)-1)+RIGHT(I53,LEN(I53)-FIND(":",I53))/60) -> 59 | U53: =IF(ISERROR(FIND(":",K53)),K53,1*CONCATENATE(LEFT(K53,FIND(":",K53)-1),".",MID(RIGHT(K53,LEN(K53)-FIND(":",K53))/60,3,8))) -> 15 | W53: =J53*COS(U53*PI()/180) -> 17.386665 | X53: =J53*SIN(U53*PI()/180) -> 4.6587428 | Y53: =IF(R53="-",IF(S53>180,S53-180,S53+180),R53) -> 59
A54: =IF('Raw Data'!A54="","",'Raw Data'!A54) -> 5 | B54: =IF('Raw Data'!B54="","",'Raw Data'!B54) -> 6 | C54: =IF('Raw Data'!C54="","",'Raw Data'!C54) -> / | D54: =IF('Raw Data'!D54="","",'Raw Data'!D54) -> 1 | E54: =IF('Raw Data'!E54="","",'Raw Data'!E54) -> / | F54: =IF('Raw Data'!F54="","",'Raw Data'!F54) -> / | G54: =IF('Raw Data'!G54="","",SUBSTITUTE('Raw Data'!G54," ",":",1)) -> 17 | H54: =IF('Raw Data'!H54="","",SUBSTITUTE('Raw Data'!H54," ",":",1)) -> - | I54: =IF('Raw Data'!I54="","",SUBSTITUTE('Raw Data'!I54," ",":",1)) -> 17 | J54: =IF('Raw Data'!J54="","",IF(LEN(K54)>6,SQRT('Raw Data'!J54^2+N54^2),'Raw Data'!J54)) -> 9.5 | K54: =IF('Raw Data'!K54="","",IF(LEN('Raw Data'!K54)<7,SUBSTITUTE('Raw Data'!K54," ",":",1),'Raw Data'!K54)) -> 10 | L54: =IF('Raw Data'!L54="","",'Raw Data'!L54) | M54: =IF('Raw Data'!M54="","",'Raw Data'!M54) -> 9.4 | N54: =IF('Raw Data'!N54="","",IF('Raw Data'!N54="-",0,'Raw Data'!N54)) -> 1.6 | O54: =IF('Raw Data'!O54="","",'Raw Data'!O54) -> 33.6 | P54: =IF('Raw Data'!P54="","",'Raw Data'!P54) | Q54: =" " | R54: =IF(ISERROR(FIND(":",G54)),IF(G54<>"-",1*G54,G54),1*LEFT(G54,FIND(":",G54)-1)+RIGHT(G54,LEN(G54)-FIND(":",G54))/60) -> 17 | S54: =IF(ISERROR(FIND(":",H54)),IF(H54<>"-",1*H54,H54),1*LEFT(H54,FIND(":",H54)-1)+RIGHT(H54,LEN(H54)-FIND(":",H54))/60) -> - | T54: =IF(ISERROR(FIND(":",I54)),IF(I54<>"-",1*I54,I54),1*LEFT(I54,FIND(":",I54)-1)+RIGHT(I54,LEN(I54)-FIND(":",I54))/60) -> 17 | U54: =IF(ISERROR(FIND(":",K54)),K54,1*CONCATENATE(LEFT(K54,FIND(":",K54)-1),".",MID(RIGHT(K54,LEN(K54)-FIND(":",K54))/60,3,8))) -> 10 | W54: =J54*COS(U54*PI()/180) -> 9.3556737 | X54: =J54*SIN(U54*PI()/180) -> 1.6496577 | Y54: =IF(R54="-",IF(S54>180,S54-180,S54+180),R54) -> 17
A55: =IF('Raw Data'!A55="","",'Raw Data'!A55) -> 6 | B55: =IF('Raw Data'!B55="","",'Raw Data'!B55) -> 7 | C55: =IF('Raw Data'!C55="","",'Raw Data'!C55) -> 2 | D55: =IF('Raw Data'!D55="","",'Raw Data'!D55) -> 0.5 | E55: =IF('Raw Data'!E55="","",'Raw Data'!E55) -> 3 | F55: =IF('Raw Data'!F55="","",'Raw Data'!F55) -> 1 | G55: =IF('Raw Data'!G55="","",SUBSTITUTE('Raw Data'!G55," ",":",1)) -> 46 | H55: =IF('Raw Data'!H55="","",SUBSTITUTE('Raw Data'!H55," ",":",1)) -> - | I55: =IF('Raw Data'!I55="","",SUBSTITUTE('Raw Data'!I55," ",":",1)) -> 46 | J55: =IF('Raw Data'!J55="","",IF(LEN(K55)>6,SQRT('Raw Data'!J55^2+N55^2),'Raw Data'!J55)) -> 13.5 | K55: =IF('Raw Data'!K55="","",IF(LEN('Raw Data'!K55)<7,SUBSTITUTE('Raw Data'!K55," ",":",1),'Raw Data'!K55)) -> 17 | L55: =IF('Raw Data'!L55="","",'Raw Data'!L55) | M55: =IF('Raw Data'!M55="","",'Raw Data'!M55) -> 12.9 | N55: =IF('Raw Data'!N55="","",IF('Raw Data'!N55="-",0,'Raw Data'!N55)) -> 4 | O55: =IF('Raw Data'!O55="","",'Raw Data'!O55) -> 38.2 | P55: =IF('Raw Data'!P55="","",'Raw Data'!P55) | Q55: =" " | R55: =IF(ISERROR(FIND(":",G55)),IF(G55<>"-",1*G55,G55),1*LEFT(G55,FIND(":",G55)-1)+RIGHT(G55,LEN(G55)-FIND(":",G55))/60) -> 46 | S55: =IF(ISERROR(FIND(":",H55)),IF(H55<>"-",1*H55,H55),1*LEFT(H55,FIND(":",H55)-1)+RIGHT(H55,LEN(H55)-FIND(":",H55))/60) -> - | T55: =IF(ISERROR(FIND(":",I55)),IF(I55<>"-",1*I55,I55),1*LEFT(I55,FIND(":",I55)-1)+RIGHT(I55,LEN(I55)-FIND(":",I55))/60) -> 46 | U55: =IF(ISERROR(FIND(":",K55)),K55,1*CONCATENATE(LEFT(K55,FIND(":",K55)-1),".",MID(RIGHT(K55,LEN(K55)-FIND(":",K55))/60,3,8))) -> 17 | W55: =J55*COS(U55*PI()/180) -> 12.910114 | X55: =J55*SIN(U55*PI()/180) -> 3.947018 | Y55: =IF(R55="-",IF(S55>180,S55-180,S55+180),R55) -> 46
A56: =IF('Raw Data'!A56="","",'Raw Data'!A56) -> 7 | B56: =IF('Raw Data'!B56="","",'Raw Data'!B56) -> 8 | C56: =IF('Raw Data'!C56="","",'Raw Data'!C56) -> 2 | D56: =IF('Raw Data'!D56="","",'Raw Data'!D56) -> 0.5 | E56: =IF('Raw Data'!E56="","",'Raw Data'!E56) -> 1 | F56: =IF('Raw Data'!F56="","",'Raw Data'!F56) -> 2 | G56: =IF('Raw Data'!G56="","",SUBSTITUTE('Raw Data'!G56," ",":",1)) -> 74 | H56: =IF('Raw Data'!H56="","",SUBSTITUTE('Raw Data'!H56," ",":",1)) -> - | I56: =IF('Raw Data'!I56="","",SUBSTITUTE('Raw Data'!I56," ",":",1)) -> 74 | J56: =IF('Raw Data'!J56="","",IF(LEN(K56)>6,SQRT('Raw Data'!J56^2+N56^2),'Raw Data'!J56)) -> 24.2 | K56: =IF('Raw Data'!K56="","",IF(LEN('Raw Data'!K56)<7,SUBSTITUTE('Raw Data'!K56," ",":",1),'Raw Data'!K56)) -> 13 | L56: =IF('Raw Data'!L56="","",'Raw Data'!L56) | M56: =IF('Raw Data'!M56="","",'Raw Data'!M56) -> 23.6 | N56: =IF('Raw Data'!N56="","",IF('Raw Data'!N56="-",0,'Raw Data'!N56)) -> 5.4 | O56: =IF('Raw Data'!O56="","",'Raw Data'!O56) -> 46.2 | P56: =IF('Raw Data'!P56="","",'Raw Data'!P56) | Q56: =" " | R56: =IF(ISERROR(FIND(":",G56)),IF(G56<>"-",1*G56,G56),1*LEFT(G56,FIND(":",G56)-1)+RIGHT(G56,LEN(G56)-FIND(":",G56))/60) -> 74 | S56: =IF(ISERROR(FIND(":",H56)),IF(H56<>"-",1*H56,H56),1*LEFT(H56,FIND(":",H56)-1)+RIGHT(H56,LEN(H56)-FIND(":",H56))/60) -> - | T56: =IF(ISERROR(FIND(":",I56)),IF(I56<>"-",1*I56,I56),1*LEFT(I56,FIND(":",I56)-1)+RIGHT(I56,LEN(I56)-FIND(":",I56))/60) -> 74 | U56: =IF(ISERROR(FIND(":",K56)),K56,1*CONCATENATE(LEFT(K56,FIND(":",K56)-1),".",MID(RIGHT(K56,LEN(K56)-FIND(":",K56))/60,3,8))) -> 13 | W56: =J56*COS(U56*PI()/180) -> 23.579756 | X56: =J56*SIN(U56*PI()/180) -> 5.4438155 | Y56: =IF(R56="-",IF(S56>180,S56-180,S56+180),R56) -> 74
A57: =IF('Raw Data'!A57="","",'Raw Data'!A57) -> 8 | B57: =IF('Raw Data'!B57="","",'Raw Data'!B57) -> 9 | C57: =IF('Raw Data'!C57="","",'Raw Data'!C57) -> 3 | D57: =IF('Raw Data'!D57="","",'Raw Data'!D57) -> 0.5 | E57: =IF('Raw Data'!E57="","",'Raw Data'!E57) -> 2 | F57: =IF('Raw Data'!F57="","",'Raw Data'!F57) -> 1 | G57: =IF('Raw Data'!G57="","",SUBSTITUTE('Raw Data'!G57," ",":",1)) -> 137 | H57: =IF('Raw Data'!H57="","",SUBSTITUTE('Raw Data'!H57," ",":",1)) -> - | I57: =IF('Raw Data'!I57="","",SUBSTITUTE('Raw Data'!I57," ",":",1)) -> 137 | J57: =IF('Raw Data'!J57="","",IF(LEN(K57)>6,SQRT('Raw Data'!J57^2+N57^2),'Raw Data'!J57)) -> 8.8 | K57: =IF('Raw Data'!K57="","",IF(LEN('Raw Data'!K57)<7,SUBSTITUTE('Raw Data'!K57," ",":",1),'Raw Data'!K57)) -> 10 | L57: =IF('Raw Data'!L57="","",'Raw Data'!L57) | M57: =IF('Raw Data'!M57="","",'Raw Data'!M57) -> 8.7 | N57: =IF('Raw Data'!N57="","",IF('Raw Data'!N57="-",0,'Raw Data'!N57)) -> 1.5 | O57: =IF('Raw Data'!O57="","",'Raw Data'!O57) -> 52.6 | P57: =IF('Raw Data'!P57="","",'Raw Data'!P57) | Q57: =" " | R57: =IF(ISERROR(FIND(":",G57)),IF(G57<>"-",1*G57,G57),1*LEFT(G57,FIND(":",G57)-1)+RIGHT(G57,LEN(G57)-FIND(":",G57))/60) -> 137 | S57: =IF(ISERROR(FIND(":",H57)),IF(H57<>"-",1*H57,H57),1*LEFT(H57,FIND(":",H57)-1)+RIGHT(H57,LEN(H57)-FIND(":",H57))/60) -> - | T57: =IF(ISERROR(FIND(":",I57)),IF(I57<>"-",1*I57,I57),1*LEFT(I57,FIND(":",I57)-1)+RIGHT(I57,LEN(I57)-FIND(":",I57))/60) -> 137 | U57: =IF(ISERROR(FIND(":",K57)),K57,1*CONCATENATE(LEFT(K57,FIND(":",K57)-1),".",MID(RIGHT(K57,LEN(K57)-FIND(":",K57))/60,3,8))) -> 10 | W57: =J57*COS(U57*PI()/180) -> 8.6663082 | X57: =J57*SIN(U57*PI()/180) -> 1.528104 | Y57: =IF(R57="-",IF(S57>180,S57-180,S57+180),R57) -> 137
A58: =IF('Raw Data'!A58="","",'Raw Data'!A58) -> 9 | B58: =IF('Raw Data'!B58="","",'Raw Data'!B58) -> 10 | C58: =IF('Raw Data'!C58="","",'Raw Data'!C58) -> 2 | D58: =IF('Raw Data'!D58="","",'Raw Data'!D58) -> 0.5 | E58: =IF('Raw Data'!E58="","",'Raw Data'!E58) -> 2 | F58: =IF('Raw Data'!F58="","",'Raw Data'!F58) -> 2 | G58: =IF('Raw Data'!G58="","",SUBSTITUTE('Raw Data'!G58," ",":",1)) -> 89 | H58: =IF('Raw Data'!H58="","",SUBSTITUTE('Raw Data'!H58," ",":",1)) -> - | I58: =IF('Raw Data'!I58="","",SUBSTITUTE('Raw Data'!I58," ",":",1)) -> 89 | J58: =IF('Raw Data'!J58="","",IF(LEN(K58)>6,SQRT('Raw Data'!J58^2+N58^2),'Raw Data'!J58)) -> 19.8 | K58: =IF('Raw Data'!K58="","",IF(LEN('Raw Data'!K58)<7,SUBSTITUTE('Raw Data'!K58," ",":",1),'Raw Data'!K58)) -> 15 | L58: =IF('Raw Data'!L58="","",'Raw Data'!L58) | M58: =IF('Raw Data'!M58="","",'Raw Data'!M58) -> 19.1 | N58: =IF('Raw Data'!N58="","",IF('Raw Data'!N58="-",0,'Raw Data'!N58)) -> 5.1 | O58: =IF('Raw Data'!O58="","",'Raw Data'!O58) -> 56.1 | P58: =IF('Raw Data'!P58="","",'Raw Data'!P58) | Q58: =" " | R58: =IF(ISERROR(FIND(":",G58)),IF(G58<>"-",1*G58,G58),1*LEFT(G58,FIND(":",G58)-1)+RIGHT(G58,LEN(G58)-FIND(":",G58))/60) -> 89 | S58: =IF(ISERROR(FIND(":",H58)),IF(H58<>"-",1*H58,H58),1*LEFT(H58,FIND(":",H58)-1)+RIGHT(H58,LEN(H58)-FIND(":",H58))/60) -> - | T58: =IF(ISERROR(FIND(":",I58)),IF(I58<>"-",1*I58,I58),1*LEFT(I58,FIND(":",I58)-1)+RIGHT(I58,LEN(I58)-FIND(":",I58))/60) -> 89 | U58: =IF(ISERROR(FIND(":",K58)),K58,1*CONCATENATE(LEFT(K58,FIND(":",K58)-1),".",MID(RIGHT(K58,LEN(K58)-FIND(":",K58))/60,3,8))) -> 15 | W58: =J58*COS(U58*PI()/180) -> 19.125331 | X58: =J58*SIN(U58*PI()/180) -> 5.1246171 | Y58: =IF(R58="-",IF(S58>180,S58-180,S58+180),R58) -> 89
A59: =IF('Raw Data'!A59="","",'Raw Data'!A59) -> 10 | B59: =IF('Raw Data'!B59="","",'Raw Data'!B59) -> 11 | C59: =IF('Raw Data'!C59="","",'Raw Data'!C59) -> / | D59: =IF('Raw Data'!D59="","",'Raw Data'!D59) -> 0.5 | E59: =IF('Raw Data'!E59="","",'Raw Data'!E59) -> 1 | F59: =IF('Raw Data'!F59="","",'Raw Data'!F59) -> 3 | G59: =IF('Raw Data'!G59="","",SUBSTITUTE('Raw Data'!G59," ",":",1)) -> 26 | H59: =IF('Raw Data'!H59="","",SUBSTITUTE('Raw Data'!H59," ",":",1)) -> - | I59: =IF('Raw Data'!I59="","",SUBSTITUTE('Raw Data'!I59," ",":",1)) -> 26 | J59: =IF('Raw Data'!J59="","",IF(LEN(K59)>6,SQRT('Raw Data'!J59^2+N59^2),'Raw Data'!J59)) -> 9 | K59: =IF('Raw Data'!K59="","",IF(LEN('Raw Data'!K59)<7,SUBSTITUTE('Raw Data'!K59," ",":",1),'Raw Data'!K59)) -> 12 | L59: =IF('Raw Data'!L59="","",'Raw Data'!L59) | M59: =IF('Raw Data'!M59="","",'Raw Data'!M59) -> 8.8 | N59: =IF('Raw Data'!N59="","",IF('Raw Data'!N59="-",0,'Raw Data'!N59)) -> 1.9 | O59: =IF('Raw Data'!O59="","",'Raw Data'!O59) -> 62.2 | P59: =IF('Raw Data'!P59="","",'Raw Data'!P59) | Q59: =" " | R59: =IF(ISERROR(FIND(":",G59)),IF(G59<>"-",1*G59,G59),1*LEFT(G59,FIND(":",G59)-1)+RIGHT(G59,LEN(G59)-FIND(":",G59))/60) -> 26 | S59: =IF(ISERROR(FIND(":",H59)),IF(H59<>"-",1*H59,H59),1*LEFT(H59,FIND(":",H59)-1)+RIGHT(H59,LEN(H59)-FIND(":",H59))/60) -> - | T59: =IF(ISERROR(FIND(":",I59)),IF(I59<>"-",1*I59,I59),1*LEFT(I59,FIND(":",I59)-1)+RIGHT(I59,LEN(I59)-FIND(":",I59))/60) -> 26 | U59: =IF(ISERROR(FIND(":",K59)),K59,1*CONCATENATE(LEFT(K59,FIND(":",K59)-1),".",MID(RIGHT(K59,LEN(K59)-FIND(":",K59))/60,3,8))) -> 12 | W59: =J59*COS(U59*PI()/180) -> 8.8033284 | X59: =J59*SIN(U59*PI()/180) -> 1.8712052 | Y59: =IF(R59="-",IF(S59>180,S59-180,S59+180),R59) -> 26
A60: =IF('Raw Data'!A60="","",'Raw Data'!A60) -> 11 | B60: =IF('Raw Data'!B60="","",'Raw Data'!B60) -> 12 | C60: =IF('Raw Data'!C60="","",'Raw Data'!C60) -> 2 | D60: =IF('Raw Data'!D60="","",'Raw Data'!D60) -> 0.5 | E60: =IF('Raw Data'!E60="","",'Raw Data'!E60) -> / | F60: =IF('Raw Data'!F60="","",'Raw Data'!F60) -> / | G60: =IF('Raw Data'!G60="","",SUBSTITUTE('Raw Data'!G60," ",":",1)) -> 78 | H60: =IF('Raw Data'!H60="","",SUBSTITUTE('Raw Data'!H60," ",":",1)) -> - | I60: =IF('Raw Data'!I60="","",SUBSTITUTE('Raw Data'!I60," ",":",1)) -> 78 | J60: =IF('Raw Data'!J60="","",IF(LEN(K60)>6,SQRT('Raw Data'!J60^2+N60^2),'Raw Data'!J60)) -> 10.7 | K60: =IF('Raw Data'!K60="","",IF(LEN('Raw Data'!K60)<7,SUBSTITUTE('Raw Data'!K60," ",":",1),'Raw Data'!K60)) -> 10 | L60: =IF('Raw Data'!L60="","",'Raw Data'!L60) | M60: =IF('Raw Data'!M60="","",'Raw Data'!M60) -> 10.5 | N60: =IF('Raw Data'!N60="","",IF('Raw Data'!N60="-",0,'Raw Data'!N60)) -> 1.9 | O60: =IF('Raw Data'!O60="","",'Raw Data'!O60) -> 65.1 | P60: =IF('Raw Data'!P60="","",'Raw Data'!P60) | Q60: =" " | R60: =IF(ISERROR(FIND(":",G60)),IF(G60<>"-",1*G60,G60),1*LEFT(G60,FIND(":",G60)-1)+RIGHT(G60,LEN(G60)-FIND(":",G60))/60) -> 78 | S60: =IF(ISERROR(FIND(":",H60)),IF(H60<>"-",1*H60,H60),1*LEFT(H60,FIND(":",H60)-1)+RIGHT(H60,LEN(H60)-FIND(":",H60))/60) -> - | T60: =IF(ISERROR(FIND(":",I60)),IF(I60<>"-",1*I60,I60),1*LEFT(I60,FIND(":",I60)-1)+RIGHT(I60,LEN(I60)-FIND(":",I60))/60) -> 78 | U60: =IF(ISERROR(FIND(":",K60)),K60,1*CONCATENATE(LEFT(K60,FIND(":",K60)-1),".",MID(RIGHT(K60,LEN(K60)-FIND(":",K60))/60,3,8))) -> 10 | W60: =J60*COS(U60*PI()/180) -> 10.537443 | X60: =J60*SIN(U60*PI()/180) -> 1.8580355 | Y60: =IF(R60="-",IF(S60>180,S60-180,S60+180),R60) -> 78
A61: =IF('Raw Data'!A61="","",'Raw Data'!A61) -> 12 | B61: =IF('Raw Data'!B61="","",'Raw Data'!B61) -> 13 | C61: =IF('Raw Data'!C61="","",'Raw Data'!C61) -> 2 | D61: =IF('Raw Data'!D61="","",'Raw Data'!D61) -> 2 | E61: =IF('Raw Data'!E61="","",'Raw Data'!E61) -> / | F61: =IF('Raw Data'!F61="","",'Raw Data'!F61) -> 1 | G61: =IF('Raw Data'!G61="","",SUBSTITUTE('Raw Data'!G61," ",":",1)) -> 25 | H61: =IF('Raw Data'!H61="","",SUBSTITUTE('Raw Data'!H61," ",":",1)) -> - | I61: =IF('Raw Data'!I61="","",SUBSTITUTE('Raw Data'!I61," ",":",1)) -> 25 | J61: =IF('Raw Data'!J61="","",IF(LEN(K61)>6,SQRT('Raw Data'!J61^2+N61^2),'Raw Data'!J61)) -> 8.7321246 | K61: =IF('Raw Data'!K61="","",IF(LEN('Raw Data'!K61)<7,SUBSTITUTE('Raw Data'!K61," ",":",1),'Raw Data'!K61)) -> fall 2 feet | L61: =IF('Raw Data'!L61="","",'Raw Data'!L61) | M61: =IF('Raw Data'!M61="","",'Raw Data'!M61) -> 8.2 | N61: =IF('Raw Data'!N61="","",IF('Raw Data'!N61="-",0,'Raw Data'!N61)) -> -2 | O61: =IF('Raw Data'!O61="","",'Raw Data'!O61) -> 67 | P61: =IF('Raw Data'!P61="","",'Raw Data'!P61) -> Little passage goes uphill straight on | Q61: =" " | R61: =IF(ISERROR(FIND(":",G61)),IF(G61<>"-",1*G61,G61),1*LEFT(G61,FIND(":",G61)-1)+RIGHT(G61,LEN(G61)-FIND(":",G61))/60) -> 25 | S61: =IF(ISERROR(FIND(":",H61)),IF(H61<>"-",1*H61,H61),1*LEFT(H61,FIND(":",H61)-1)+RIGHT(H61,LEN(H61)-FIND(":",H61))/60) -> - | T61: =IF(ISERROR(FIND(":",I61)),IF(I61<>"-",1*I61,I61),1*LEFT(I61,FIND(":",I61)-1)+RIGHT(I61,LEN(I61)-FIND(":",I61))/60) -> 25 | U61: =ASIN(N61/J61)*180/PI() -> -13.24052 | W61: =J61*COS(U61*PI()/180) -> 8.5 | X61: =J61*SIN(U61*PI()/180) -> -2 | Y61: =IF(R61="-",IF(S61>180,S61-180,S61+180),R61) -> 25
A62: =IF('Raw Data'!A62="","",'Raw Data'!A62) -> 13 | B62: =IF('Raw Data'!B62="","",'Raw Data'!B62) -> 14 | C62: =IF('Raw Data'!C62="","",'Raw Data'!C62) -> 1 | D62: =IF('Raw Data'!D62="","",'Raw Data'!D62) -> 0.5 | E62: =IF('Raw Data'!E62="","",'Raw Data'!E62) -> 2 | F62: =IF('Raw Data'!F62="","",'Raw Data'!F62) -> 3 | G62: =IF('Raw Data'!G62="","",SUBSTITUTE('Raw Data'!G62," ",":",1)) -> 85 | H62: =IF('Raw Data'!H62="","",SUBSTITUTE('Raw Data'!H62," ",":",1)) -> - | I62: =IF('Raw Data'!I62="","",SUBSTITUTE('Raw Data'!I62," ",":",1)) -> 85 | J62: =IF('Raw Data'!J62="","",IF(LEN(K62)>6,SQRT('Raw Data'!J62^2+N62^2),'Raw Data'!J62)) -> 12.3 | K62: =IF('Raw Data'!K62="","",IF(LEN('Raw Data'!K62)<7,SUBSTITUTE('Raw Data'!K62," ",":",1),'Raw Data'!K62)) -> 9 | L62: =IF('Raw Data'!L62="","",'Raw Data'!L62) | M62: =IF('Raw Data'!M62="","",'Raw Data'!M62) -> 12.1 | N62: =IF('Raw Data'!N62="","",IF('Raw Data'!N62="-",0,'Raw Data'!N62)) -> 1.9 | O62: =IF('Raw Data'!O62="","",'Raw Data'!O62) -> 65 | P62: =IF('Raw Data'!P62="","",'Raw Data'!P62) | Q62: =" " | R62: =IF(ISERROR(FIND(":",G62)),IF(G62<>"-",1*G62,G62),1*LEFT(G62,FIND(":",G62)-1)+RIGHT(G62,LEN(G62)-FIND(":",G62))/60) -> 85 | S62: =IF(ISERROR(FIND(":",H62)),IF(H62<>"-",1*H62,H62),1*LEFT(H62,FIND(":",H62)-1)+RIGHT(H62,LEN(H62)-FIND(":",H62))/60) -> - | T62: =IF(ISERROR(FIND(":",I62)),IF(I62<>"-",1*I62,I62),1*LEFT(I62,FIND(":",I62)-1)+RIGHT(I62,LEN(I62)-FIND(":",I62))/60) -> 85 | U62: =IF(ISERROR(FIND(":",K62)),K62,1*CONCATENATE(LEFT(K62,FIND(":",K62)-1),".",MID(RIGHT(K62,LEN(K62)-FIND(":",K62))/60,3,8))) -> 9 | W62: =J62*COS(U62*PI()/180) -> 12.148567 | X62: =J62*SIN(U62*PI()/180) -> 1.9241439 | Y62: =IF(R62="-",IF(S62>180,S62-180,S62+180),R62) -> 85
A63: =IF('Raw Data'!A63="","",'Raw Data'!A63) -> 14 | B63: =IF('Raw Data'!B63="","",'Raw Data'!B63) -> 15 | C63: =IF('Raw Data'!C63="","",'Raw Data'!C63) -> 2 | D63: =IF('Raw Data'!D63="","",'Raw Data'!D63) -> 0.5 | E63: =IF('Raw Data'!E63="","",'Raw Data'!E63) -> / | F63: =IF('Raw Data'!F63="","",'Raw Data'!F63) -> / | G63: =IF('Raw Data'!G63="","",SUBSTITUTE('Raw Data'!G63," ",":",1)) -> 63 | H63: =IF('Raw Data'!H63="","",SUBSTITUTE('Raw Data'!H63," ",":",1)) -> - | I63: =IF('Raw Data'!I63="","",SUBSTITUTE('Raw Data'!I63," ",":",1)) -> 63 | J63: =IF('Raw Data'!J63="","",IF(LEN(K63)>6,SQRT('Raw Data'!J63^2+N63^2),'Raw Data'!J63)) -> 11.6 | K63: =IF('Raw Data'!K63="","",IF(LEN('Raw Data'!K63)<7,SUBSTITUTE('Raw Data'!K63," ",":",1),'Raw Data'!K63)) -> 10 | L63: =IF('Raw Data'!L63="","",'Raw Data'!L63) | M63: =IF('Raw Data'!M63="","",'Raw Data'!M63) -> 11.4 | N63: =IF('Raw Data'!N63="","",IF('Raw Data'!N63="-",0,'Raw Data'!N63)) -> 2 | O63: =IF('Raw Data'!O63="","",'Raw Data'!O63) -> 69.9 | P63: =IF('Raw Data'!P63="","",'Raw Data'!P63) | Q63: =" " | R63: =IF(ISERROR(FIND(":",G63)),IF(G63<>"-",1*G63,G63),1*LEFT(G63,FIND(":",G63)-1)+RIGHT(G63,LEN(G63)-FIND(":",G63))/60) -> 63 | S63: =IF(ISERROR(FIND(":",H63)),IF(H63<>"-",1*H63,H63),1*LEFT(H63,FIND(":",H63)-1)+RIGHT(H63,LEN(H63)-FIND(":",H63))/60) -> - | T63: =IF(ISERROR(FIND(":",I63)),IF(I63<>"-",1*I63,I63),1*LEFT(I63,FIND(":",I63)-1)+RIGHT(I63,LEN(I63)-FIND(":",I63))/60) -> 63 | U63: =IF(ISERROR(FIND(":",K63)),K63,1*CONCATENATE(LEFT(K63,FIND(":",K63)-1),".",MID(RIGHT(K63,LEN(K63)-FIND(":",K63))/60,3,8))) -> 10 | W63: =J63*COS(U63*PI()/180) -> 11.42377 | X63: =J63*SIN(U63*PI()/180) -> 2.0143189 | Y63: =IF(R63="-",IF(S63>180,S63-180,S63+180),R63) -> 63
A64: =IF('Raw Data'!A64="","",'Raw Data'!A64) -> 15 | B64: =IF('Raw Data'!B64="","",'Raw Data'!B64) -> 16 | C64: =IF('Raw Data'!C64="","",'Raw Data'!C64) -> 3 | D64: =IF('Raw Data'!D64="","",'Raw Data'!D64) -> 4 | E64: =IF('Raw Data'!E64="","",'Raw Data'!E64) -> 2 | F64: =IF('Raw Data'!F64="","",'Raw Data'!F64) -> / | G64: =IF('Raw Data'!G64="","",SUBSTITUTE('Raw Data'!G64," ",":",1)) -> 125 | H64: =IF('Raw Data'!H64="","",SUBSTITUTE('Raw Data'!H64," ",":",1)) -> - | I64: =IF('Raw Data'!I64="","",SUBSTITUTE('Raw Data'!I64," ",":",1)) -> 125 | J64: =IF('Raw Data'!J64="","",IF(LEN(K64)>6,SQRT('Raw Data'!J64^2+N64^2),'Raw Data'!J64)) -> 12.5 | K64: =IF('Raw Data'!K64="","",IF(LEN('Raw Data'!K64)<7,SUBSTITUTE('Raw Data'!K64," ",":",1),'Raw Data'!K64)) -> fall 3.5 feet | L64: =IF('Raw Data'!L64="","",'Raw Data'!L64) | M64: =IF('Raw Data'!M64="","",'Raw Data'!M64) -> 12 | N64: =IF('Raw Data'!N64="","",IF('Raw Data'!N64="-",0,'Raw Data'!N64)) -> -3.5 | O64: =IF('Raw Data'!O64="","",'Raw Data'!O64) -> 72.9 | P64: =IF('Raw Data'!P64="","",'Raw Data'!P64) -> Low creep at 4-10 feet. Chamber goes 15' in same line | Q64: =" " | R64: =IF(ISERROR(FIND(":",G64)),IF(G64<>"-",1*G64,G64),1*LEFT(G64,FIND(":",G64)-1)+RIGHT(G64,LEN(G64)-FIND(":",G64))/60) -> 125 | S64: =IF(ISERROR(FIND(":",H64)),IF(H64<>"-",1*H64,H64),1*LEFT(H64,FIND(":",H64)-1)+RIGHT(H64,LEN(H64)-FIND(":",H64))/60) -> - | T64: =IF(ISERROR(FIND(":",I64)),IF(I64<>"-",1*I64,I64),1*LEFT(I64,FIND(":",I64)-1)+RIGHT(I64,LEN(I64)-FIND(":",I64))/60) -> 125 | U64: =ASIN(N64/J64)*180/PI() -> -16.260205 | W64: =J64*COS(U64*PI()/180) -> 12 | X64: =J64*SIN(U64*PI()/180) -> -3.5 | Y64: =IF(R64="-",IF(S64>180,S64-180,S64+180),R64) -> 125
A65: =IF('Raw Data'!A65="","",'Raw Data'!A65) -> 16 | B65: =IF('Raw Data'!B65="","",'Raw Data'!B65) -> 17 | C65: =IF('Raw Data'!C65="","",'Raw Data'!C65) -> 1 | D65: =IF('Raw Data'!D65="","",'Raw Data'!D65) -> 0.5 | E65: =IF('Raw Data'!E65="","",'Raw Data'!E65) -> 3 | F65: =IF('Raw Data'!F65="","",'Raw Data'!F65) -> 3 | G65: =IF('Raw Data'!G65="","",SUBSTITUTE('Raw Data'!G65," ",":",1)) -> - | H65: =IF('Raw Data'!H65="","",SUBSTITUTE('Raw Data'!H65," ",":",1)) -> 265 | I65: =IF('Raw Data'!I65="","",SUBSTITUTE('Raw Data'!I65," ",":",1)) -> 85 | J65: =IF('Raw Data'!J65="","",IF(LEN(K65)>6,SQRT('Raw Data'!J65^2+N65^2),'Raw Data'!J65)) -> 14.5 | K65: =IF('Raw Data'!K65="","",IF(LEN('Raw Data'!K65)<7,SUBSTITUTE('Raw Data'!K65," ",":",1),'Raw Data'!K65)) -> 6 | L65: =IF('Raw Data'!L65="","",'Raw Data'!L65) | M65: =IF('Raw Data'!M65="","",'Raw Data'!M65) -> 14.4 | N65: =IF('Raw Data'!N65="","",IF('Raw Data'!N65="-",0,'Raw Data'!N65)) -> 1.5 | O65: =IF('Raw Data'!O65="","",'Raw Data'!O65) -> 71.4 | P65: =IF('Raw Data'!P65="","",'Raw Data'!P65) | Q65: =" " | R65: =IF(ISERROR(FIND(":",G65)),IF(G65<>"-",1*G65,G65),1*LEFT(G65,FIND(":",G65)-1)+RIGHT(G65,LEN(G65)-FIND(":",G65))/60) -> - | S65: =IF(ISERROR(FIND(":",H65)),IF(H65<>"-",1*H65,H65),1*LEFT(H65,FIND(":",H65)-1)+RIGHT(H65,LEN(H65)-FIND(":",H65))/60) -> 265 | T65: =IF(ISERROR(FIND(":",I65)),IF(I65<>"-",1*I65,I65),1*LEFT(I65,FIND(":",I65)-1)+RIGHT(I65,LEN(I65)-FIND(":",I65))/60) -> 85 | U65: =IF(ISERROR(FIND(":",K65)),K65,1*CONCATENATE(LEFT(K65,FIND(":",K65)-1),".",MID(RIGHT(K65,LEN(K65)-FIND(":",K65))/60,3,8))) -> 6 | W65: =J65*COS(U65*PI()/180) -> 14.420567 | X65: =J65*SIN(U65*PI()/180) -> 1.5156627 | Y65: =IF(R65="-",IF(S65>180,S65-180,S65+180),R65) -> 85
A66: =IF('Raw Data'!A66="","",'Raw Data'!A66) -> 17 | B66: =IF('Raw Data'!B66="","",'Raw Data'!B66) -> 18 | C66: =IF('Raw Data'!C66="","",'Raw Data'!C66) -> 1 | D66: =IF('Raw Data'!D66="","",'Raw Data'!D66) -> 1 | E66: =IF('Raw Data'!E66="","",'Raw Data'!E66) -> 2 | F66: =IF('Raw Data'!F66="","",'Raw Data'!F66) -> 3 | G66: =IF('Raw Data'!G66="","",SUBSTITUTE('Raw Data'!G66," ",":",1)) -> 22 | H66: =IF('Raw Data'!H66="","",SUBSTITUTE('Raw Data'!H66," ",":",1)) -> - | I66: =IF('Raw Data'!I66="","",SUBSTITUTE('Raw Data'!I66," ",":",1)) -> 22 | J66: =IF('Raw Data'!J66="","",IF(LEN(K66)>6,SQRT('Raw Data'!J66^2+N66^2),'Raw Data'!J66)) -> 12.6 | K66: =IF('Raw Data'!K66="","",IF(LEN('Raw Data'!K66)<7,SUBSTITUTE('Raw Data'!K66," ",":",1),'Raw Data'!K66)) -> 6 | L66: =IF('Raw Data'!L66="","",'Raw Data'!L66) | M66: =IF('Raw Data'!M66="","",'Raw Data'!M66) -> 12.5 | N66: =IF('Raw Data'!N66="","",IF('Raw Data'!N66="-",0,'Raw Data'!N66)) -> 1.3 | O66: =IF('Raw Data'!O66="","",'Raw Data'!O66) -> 74.9 | P66: =IF('Raw Data'!P66="","",'Raw Data'!P66) | Q66: =" " | R66: =IF(ISERROR(FIND(":",G66)),IF(G66<>"-",1*G66,G66),1*LEFT(G66,FIND(":",G66)-1)+RIGHT(G66,LEN(G66)-FIND(":",G66))/60) -> 22 | S66: =IF(ISERROR(FIND(":",H66)),IF(H66<>"-",1*H66,H66),1*LEFT(H66,FIND(":",H66)-1)+RIGHT(H66,LEN(H66)-FIND(":",H66))/60) -> - | T66: =IF(ISERROR(FIND(":",I66)),IF(I66<>"-",1*I66,I66),1*LEFT(I66,FIND(":",I66)-1)+RIGHT(I66,LEN(I66)-FIND(":",I66))/60) -> 22 | U66: =IF(ISERROR(FIND(":",K66)),K66,1*CONCATENATE(LEFT(K66,FIND(":",K66)-1),".",MID(RIGHT(K66,LEN(K66)-FIND(":",K66))/60,3,8))) -> 6 | W66: =J66*COS(U66*PI()/180) -> 12.530976 | X66: =J66*SIN(U66*PI()/180) -> 1.3170586 | Y66: =IF(R66="-",IF(S66>180,S66-180,S66+180),R66) -> 22
A67: =IF('Raw Data'!A67="","",'Raw Data'!A67) -> 18 | B67: =IF('Raw Data'!B67="","",'Raw Data'!B67) -> 19 | C67: =IF('Raw Data'!C67="","",'Raw Data'!C67) -> 3 | D67: =IF('Raw Data'!D67="","",'Raw Data'!D67) -> 11 | E67: =IF('Raw Data'!E67="","",'Raw Data'!E67) -> 2 | F67: =IF('Raw Data'!F67="","",'Raw Data'!F67) -> 2 | G67: =IF('Raw Data'!G67="","",SUBSTITUTE('Raw Data'!G67," ",":",1)) -> - | H67: =IF('Raw Data'!H67="","",SUBSTITUTE('Raw Data'!H67," ",":",1)) -> - | I67: =IF('Raw Data'!I67="","",SUBSTITUTE('Raw Data'!I67," ",":",1)) -> - | J67: =IF('Raw Data'!J67="","",IF(LEN(K67)>6,SQRT('Raw Data'!J67^2+N67^2),'Raw Data'!J67)) -> 11 | K67: =IF('Raw Data'!K67="","",IF(LEN('Raw Data'!K67)<7,SUBSTITUTE('Raw Data'!K67," ",":",1),'Raw Data'!K67)) -> -90 | L67: =IF('Raw Data'!L67="","",'Raw Data'!L67) | M67: =IF('Raw Data'!M67="","",'Raw Data'!M67) -> - | N67: =IF('Raw Data'!N67="","",IF('Raw Data'!N67="-",0,'Raw Data'!N67)) -> -11 | O67: =IF('Raw Data'!O67="","",'Raw Data'!O67) -> 76.4 | P67: =IF('Raw Data'!P67="","",'Raw Data'!P67) -> 18 is in crack at top of "11 foot drop" | Q67: =" " | R67: =IF(ISERROR(FIND(":",G67)),IF(G67<>"-",1*G67,G67),1*LEFT(G67,FIND(":",G67)-1)+RIGHT(G67,LEN(G67)-FIND(":",G67))/60) -> - | S67: =IF(ISERROR(FIND(":",H67)),IF(H67<>"-",1*H67,H67),1*LEFT(H67,FIND(":",H67)-1)+RIGHT(H67,LEN(H67)-FIND(":",H67))/60) -> - | T67: =IF(ISERROR(FIND(":",I67)),IF(I67<>"-",1*I67,I67),1*LEFT(I67,FIND(":",I67)-1)+RIGHT(I67,LEN(I67)-FIND(":",I67))/60) -> - | U67: =IF(ISERROR(FIND(":",K67)),K67,1*CONCATENATE(LEFT(K67,FIND(":",K67)-1),".",MID(RIGHT(K67,LEN(K67)-FIND(":",K67))/60,3,8))) -> -90 | W67: =J67*COS(U67*PI()/180) -> 6.7383165e-16 | X67: =J67*SIN(U67*PI()/180) -> -11 | Y67: =IF(R67="-",IF(S67>180,S67-180,S67+180),R67) -> #VALUE!
A68: =IF('Raw Data'!A68="","",'Raw Data'!A68) | B68: =IF('Raw Data'!B68="","",'Raw Data'!B68) | C68: =IF('Raw Data'!C68="","",'Raw Data'!C68) | D68: =IF('Raw Data'!D68="","",'Raw Data'!D68) | E68: =IF('Raw Data'!E68="","",'Raw Data'!E68) | F68: =IF('Raw Data'!F68="","",'Raw Data'!F68) | G68: =IF('Raw Data'!G68="","",SUBSTITUTE('Raw Data'!G68," ",":",1)) | H68: =IF('Raw Data'!H68="","",SUBSTITUTE('Raw Data'!H68," ",":",1)) | I68: =IF('Raw Data'!I68="","",SUBSTITUTE('Raw Data'!I68," ",":",1)) | J68: =IF('Raw Data'!J68="","",IF(LEN(K68)>6,SQRT('Raw Data'!J68^2+N68^2),'Raw Data'!J68)) | K68: =IF('Raw Data'!K68="","",IF(LEN('Raw Data'!K68)<7,SUBSTITUTE('Raw Data'!K68," ",":",1),'Raw Data'!K68)) | L68: =IF('Raw Data'!L68="","",'Raw Data'!L68) | M68: =IF('Raw Data'!M68="","",'Raw Data'!M68) | N68: =IF('Raw Data'!N68="","",IF('Raw Data'!N68="-",0,'Raw Data'!N68)) | O68: =IF('Raw Data'!O68="","",'Raw Data'!O68) | P68: =IF('Raw Data'!P68="","",'Raw Data'!P68) -> Total = 1562' | Q68: =" "
A69: =IF('Raw Data'!A69="","",'Raw Data'!A69) | B69: =IF('Raw Data'!B69="","",'Raw Data'!B69) | C69: =IF('Raw Data'!C69="","",'Raw Data'!C69) | D69: =IF('Raw Data'!D69="","",'Raw Data'!D69) | E69: =IF('Raw Data'!E69="","",'Raw Data'!E69) | F69: =IF('Raw Data'!F69="","",'Raw Data'!F69) | G69: =IF('Raw Data'!G69="","",SUBSTITUTE('Raw Data'!G69," ",":",1)) | H69: =IF('Raw Data'!H69="","",SUBSTITUTE('Raw Data'!H69," ",":",1)) | I69: =IF('Raw Data'!I69="","",SUBSTITUTE('Raw Data'!I69," ",":",1)) | J69: =IF('Raw Data'!J69="","",IF(LEN(K69)>6,SQRT('Raw Data'!J69^2+N69^2),'Raw Data'!J69)) | K69: =IF('Raw Data'!K69="","",IF(LEN('Raw Data'!K69)<7,SUBSTITUTE('Raw Data'!K69," ",":",1),'Raw Data'!K69)) | L69: =IF('Raw Data'!L69="","",'Raw Data'!L69) | M69: =IF('Raw Data'!M69="","",'Raw Data'!M69) | N69: =IF('Raw Data'!N69="","",IF('Raw Data'!N69="-",0,'Raw Data'!N69)) | O69: =IF('Raw Data'!O69="","",'Raw Data'!O69) | P69: =IF('Raw Data'!P69="","",'Raw Data'!P69) | Q69: =" "
A70: =IF('Raw Data'!A70="","",'Raw Data'!A70) -> 30th March 1952 | B70: =IF('Raw Data'!B70="","",'Raw Data'!B70) | C70: =IF('Raw Data'!C70="","",'Raw Data'!C70) | D70: =IF('Raw Data'!D70="","",'Raw Data'!D70) | E70: =IF('Raw Data'!E70="","",'Raw Data'!E70) | F70: =IF('Raw Data'!F70="","",'Raw Data'!F70) | G70: =IF('Raw Data'!G70="","",SUBSTITUTE('Raw Data'!G70," ",":",1)) | H70: =IF('Raw Data'!H70="","",SUBSTITUTE('Raw Data'!H70," ",":",1)) | I70: =IF('Raw Data'!I70="","",SUBSTITUTE('Raw Data'!I70," ",":",1)) | J70: =IF('Raw Data'!J70="","",IF(LEN(K70)>6,SQRT('Raw Data'!J70^2+N70^2),'Raw Data'!J70)) | K70: =IF('Raw Data'!K70="","",IF(LEN('Raw Data'!K70)<7,SUBSTITUTE('Raw Data'!K70," ",":",1),'Raw Data'!K70)) | L70: =IF('Raw Data'!L70="","",'Raw Data'!L70) | M70: =IF('Raw Data'!M70="","",'Raw Data'!M70) | N70: =IF('Raw Data'!N70="","",IF('Raw Data'!N70="-",0,'Raw Data'!N70)) | O70: =IF('Raw Data'!O70="","",'Raw Data'!O70) | P70: =IF('Raw Data'!P70="","",'Raw Data'!P70) | Q70: =" "
A71: =IF('Raw Data'!A71="","",'Raw Data'!A71) -> B1 | B71: =IF('Raw Data'!B71="","",'Raw Data'!B71) -> AA | C71: =IF('Raw Data'!C71="","",'Raw Data'!C71) -> / | D71: =IF('Raw Data'!D71="","",'Raw Data'!D71) -> 2 | E71: =IF('Raw Data'!E71="","",'Raw Data'!E71) -> / | F71: =IF('Raw Data'!F71="","",'Raw Data'!F71) -> / | G71: =IF('Raw Data'!G71="","",SUBSTITUTE('Raw Data'!G71," ",":",1)) -> - | H71: =IF('Raw Data'!H71="","",SUBSTITUTE('Raw Data'!H71," ",":",1)) -> 293:40 | I71: =IF('Raw Data'!I71="","",SUBSTITUTE('Raw Data'!I71," ",":",1)) -> 113:40 | J71: =IF('Raw Data'!J71="","",IF(LEN(K71)>6,SQRT('Raw Data'!J71^2+N71^2),'Raw Data'!J71)) -> 78.1 | K71: =IF('Raw Data'!K71="","",IF(LEN('Raw Data'!K71)<7,SUBSTITUTE('Raw Data'!K71," ",":",1),'Raw Data'!K71)) -> 9:30 | L71: =IF('Raw Data'!L71="","",'Raw Data'!L71) | M71: =IF('Raw Data'!M71="","",'Raw Data'!M71) -> 77.1 | N71: =IF('Raw Data'!N71="","",IF('Raw Data'!N71="-",0,'Raw Data'!N71)) -> 12.9 | O71: =IF('Raw Data'!O71="","",'Raw Data'!O71) -> 12 | P71: =IF('Raw Data'!P71="","",'Raw Data'!P71) -> B1 is station B1 of page 45, at entrance to "P.G." passage | Q71: =" " | R71: =IF(ISERROR(FIND(":",G71)),IF(G71<>"-",1*G71,G71),1*LEFT(G71,FIND(":",G71)-1)+RIGHT(G71,LEN(G71)-FIND(":",G71))/60) -> - | S71: =IF(ISERROR(FIND(":",H71)),IF(H71<>"-",1*H71,H71),1*LEFT(H71,FIND(":",H71)-1)+RIGHT(H71,LEN(H71)-FIND(":",H71))/60) -> 293.66667 | T71: =IF(ISERROR(FIND(":",I71)),IF(I71<>"-",1*I71,I71),1*LEFT(I71,FIND(":",I71)-1)+RIGHT(I71,LEN(I71)-FIND(":",I71))/60) -> 113.66667 | U71: =IF(ISERROR(FIND(":",K71)),K71,1*CONCATENATE(LEFT(K71,FIND(":",K71)-1),".",MID(RIGHT(K71,LEN(K71)-FIND(":",K71))/60,3,8))) -> 9.5 | W71: =J71*COS(U71*PI()/180) -> 77.028905 | X71: =J71*SIN(U71*PI()/180) -> 12.890218 | Y71: =IF(R71="-",IF(S71>180,S71-180,S71+180),R71) -> 113.66667
A72: =IF('Raw Data'!A72="","",'Raw Data'!A72) -> AA | B72: =IF('Raw Data'!B72="","",'Raw Data'!B72) -> AB | C72: =IF('Raw Data'!C72="","",'Raw Data'!C72) -> 25 | D72: =IF('Raw Data'!D72="","",'Raw Data'!D72) -> 5 | E72: =IF('Raw Data'!E72="","",'Raw Data'!E72) -> 8 | F72: =IF('Raw Data'!F72="","",'Raw Data'!F72) -> 7 | G72: =IF('Raw Data'!G72="","",SUBSTITUTE('Raw Data'!G72," ",":",1)) -> 115:30 | H72: =IF('Raw Data'!H72="","",SUBSTITUTE('Raw Data'!H72," ",":",1)) -> - | I72: =IF('Raw Data'!I72="","",SUBSTITUTE('Raw Data'!I72," ",":",1)) -> 115:30 | J72: =IF('Raw Data'!J72="","",IF(LEN(K72)>6,SQRT('Raw Data'!J72^2+N72^2),'Raw Data'!J72)) -> 24.1 | K72: =IF('Raw Data'!K72="","",IF(LEN('Raw Data'!K72)<7,SUBSTITUTE('Raw Data'!K72," ",":",1),'Raw Data'!K72)) -> -5:30 | L72: =IF('Raw Data'!L72="","",'Raw Data'!L72) | M72: =IF('Raw Data'!M72="","",'Raw Data'!M72) -> 24 | N72: =IF('Raw Data'!N72="","",IF('Raw Data'!N72="-",0,'Raw Data'!N72)) -> -2.3 | O72: =IF('Raw Data'!O72="","",'Raw Data'!O72) -> 24.9 | P72: =IF('Raw Data'!P72="","",'Raw Data'!P72) -> AA on a big high rock | Q72: =" " | R72: =IF(ISERROR(FIND(":",G72)),IF(G72<>"-",1*G72,G72),1*LEFT(G72,FIND(":",G72)-1)+RIGHT(G72,LEN(G72)-FIND(":",G72))/60) -> 115.5 | S72: =IF(ISERROR(FIND(":",H72)),IF(H72<>"-",1*H72,H72),1*LEFT(H72,FIND(":",H72)-1)+RIGHT(H72,LEN(H72)-FIND(":",H72))/60) -> - | T72: =IF(ISERROR(FIND(":",I72)),IF(I72<>"-",1*I72,I72),1*LEFT(I72,FIND(":",I72)-1)+RIGHT(I72,LEN(I72)-FIND(":",I72))/60) -> 115.5 | U72: =IF(ISERROR(FIND(":",K72)),K72,1*CONCATENATE(LEFT(K72,FIND(":",K72)-1),".",MID(RIGHT(K72,LEN(K72)-FIND(":",K72))/60,3,8))) -> -5.5 | W72: =J72*COS(U72*PI()/180) -> 23.989048 | X72: =J72*SIN(U72*PI()/180) -> -2.3098826 | Y72: =IF(R72="-",IF(S72>180,S72-180,S72+180),R72) -> 115.5
A73: =IF('Raw Data'!A73="","",'Raw Data'!A73) -> AB | B73: =IF('Raw Data'!B73="","",'Raw Data'!B73) -> AC | C73: =IF('Raw Data'!C73="","",'Raw Data'!C73) -> 20 | D73: =IF('Raw Data'!D73="","",'Raw Data'!D73) -> 5 | E73: =IF('Raw Data'!E73="","",'Raw Data'!E73) -> 6 | F73: =IF('Raw Data'!F73="","",'Raw Data'!F73) -> 0.5 | G73: =IF('Raw Data'!G73="","",SUBSTITUTE('Raw Data'!G73," ",":",1)) -> - | H73: =IF('Raw Data'!H73="","",SUBSTITUTE('Raw Data'!H73," ",":",1)) -> 277:50 | I73: =IF('Raw Data'!I73="","",SUBSTITUTE('Raw Data'!I73," ",":",1)) -> 097:50 | J73: =IF('Raw Data'!J73="","",IF(LEN(K73)>6,SQRT('Raw Data'!J73^2+N73^2),'Raw Data'!J73)) -> 29.2 | K73: =IF('Raw Data'!K73="","",IF(LEN('Raw Data'!K73)<7,SUBSTITUTE('Raw Data'!K73," ",":",1),'Raw Data'!K73)) -> 0:30 | L73: =IF('Raw Data'!L73="","",'Raw Data'!L73) | M73: =IF('Raw Data'!M73="","",'Raw Data'!M73) -> 29.2 | N73: =IF('Raw Data'!N73="","",IF('Raw Data'!N73="-",0,'Raw Data'!N73)) -> 0.3 | O73: =IF('Raw Data'!O73="","",'Raw Data'!O73) -> 22.6 | P73: =IF('Raw Data'!P73="","",'Raw Data'!P73) -> AB on big rock. Stream sinks below boulders. | Q73: =" " | R73: =IF(ISERROR(FIND(":",G73)),IF(G73<>"-",1*G73,G73),1*LEFT(G73,FIND(":",G73)-1)+RIGHT(G73,LEN(G73)-FIND(":",G73))/60) -> - | S73: =IF(ISERROR(FIND(":",H73)),IF(H73<>"-",1*H73,H73),1*LEFT(H73,FIND(":",H73)-1)+RIGHT(H73,LEN(H73)-FIND(":",H73))/60) -> 277.83333 | T73: =IF(ISERROR(FIND(":",I73)),IF(I73<>"-",1*I73,I73),1*LEFT(I73,FIND(":",I73)-1)+RIGHT(I73,LEN(I73)-FIND(":",I73))/60) -> 97.833333 | U73: =IF(ISERROR(FIND(":",K73)),K73,1*CONCATENATE(LEFT(K73,FIND(":",K73)-1),".",MID(RIGHT(K73,LEN(K73)-FIND(":",K73))/60,3,8))) -> 0.5 | W73: =J73*COS(U73*PI()/180) -> 29.198888 | X73: =J73*SIN(U73*PI()/180) -> 0.25481484 | Y73: =IF(R73="-",IF(S73>180,S73-180,S73+180),R73) -> 97.833333
A74: =IF('Raw Data'!A74="","",'Raw Data'!A74) -> AC | B74: =IF('Raw Data'!B74="","",'Raw Data'!B74) -> AD | C74: =IF('Raw Data'!C74="","",'Raw Data'!C74) -> 5 to rock jam | D74: =IF('Raw Data'!D74="","",'Raw Data'!D74) -> 2.5 | E74: =IF('Raw Data'!E74="","",'Raw Data'!E74) -> 1 | F74: =IF('Raw Data'!F74="","",'Raw Data'!F74) -> 7.2 | G74: =IF('Raw Data'!G74="","",SUBSTITUTE('Raw Data'!G74," ",":",1)) -> 121:00 | H74: =IF('Raw Data'!H74="","",SUBSTITUTE('Raw Data'!H74," ",":",1)) -> - | I74: =IF('Raw Data'!I74="","",SUBSTITUTE('Raw Data'!I74," ",":",1)) -> 121:00 | J74: =IF('Raw Data'!J74="","",IF(LEN(K74)>6,SQRT('Raw Data'!J74^2+N74^2),'Raw Data'!J74)) -> 10.6 | K74: =IF('Raw Data'!K74="","",IF(LEN('Raw Data'!K74)<7,SUBSTITUTE('Raw Data'!K74," ",":",1),'Raw Data'!K74)) -> 22:30 | L74: =IF('Raw Data'!L74="","",'Raw Data'!L74) | M74: =IF('Raw Data'!M74="","",'Raw Data'!M74) -> 9.8 | N74: =IF('Raw Data'!N74="","",IF('Raw Data'!N74="-",0,'Raw Data'!N74)) -> 4.1 | O74: =IF('Raw Data'!O74="","",'Raw Data'!O74) -> 22.9 | P74: =IF('Raw Data'!P74="","",'Raw Data'!P74) -> AC on dirty great big rock. | Q74: =" " | R74: =IF(ISERROR(FIND(":",G74)),IF(G74<>"-",1*G74,G74),1*LEFT(G74,FIND(":",G74)-1)+RIGHT(G74,LEN(G74)-FIND(":",G74))/60) -> 121 | S74: =IF(ISERROR(FIND(":",H74)),IF(H74<>"-",1*H74,H74),1*LEFT(H74,FIND(":",H74)-1)+RIGHT(H74,LEN(H74)-FIND(":",H74))/60) -> - | T74: =IF(ISERROR(FIND(":",I74)),IF(I74<>"-",1*I74,I74),1*LEFT(I74,FIND(":",I74)-1)+RIGHT(I74,LEN(I74)-FIND(":",I74))/60) -> 121 | U74: =IF(ISERROR(FIND(":",K74)),K74,1*CONCATENATE(LEFT(K74,FIND(":",K74)-1),".",MID(RIGHT(K74,LEN(K74)-FIND(":",K74))/60,3,8))) -> 22.5 | W74: =J74*COS(U74*PI()/180) -> 9.793123 | X74: =J74*SIN(U74*PI()/180) -> 4.0564444 | Y74: =IF(R74="-",IF(S74>180,S74-180,S74+180),R74) -> 121
A75: =IF('Raw Data'!A75="","",'Raw Data'!A75) -> AD | B75: =IF('Raw Data'!B75="","",'Raw Data'!B75) -> AE | C75: =IF('Raw Data'!C75="","",'Raw Data'!C75) -> 30 | D75: =IF('Raw Data'!D75="","",'Raw Data'!D75) -> 5 | E75: =IF('Raw Data'!E75="","",'Raw Data'!E75) -> 5 | F75: =IF('Raw Data'!F75="","",'Raw Data'!F75) -> 2 | G75: =IF('Raw Data'!G75="","",SUBSTITUTE('Raw Data'!G75," ",":",1)) -> - | H75: =IF('Raw Data'!H75="","",SUBSTITUTE('Raw Data'!H75," ",":",1)) -> 290:00 | I75: =IF('Raw Data'!I75="","",SUBSTITUTE('Raw Data'!I75," ",":",1)) -> 110:00 | J75: =IF('Raw Data'!J75="","",IF(LEN(K75)>6,SQRT('Raw Data'!J75^2+N75^2),'Raw Data'!J75)) -> 48.3 | K75: =IF('Raw Data'!K75="","",IF(LEN('Raw Data'!K75)<7,SUBSTITUTE('Raw Data'!K75," ",":",1),'Raw Data'!K75)) -> 9:40 | L75: =IF('Raw Data'!L75="","",'Raw Data'!L75) | M75: =IF('Raw Data'!M75="","",'Raw Data'!M75) -> 47.6 | N75: =IF('Raw Data'!N75="","",IF('Raw Data'!N75="-",0,'Raw Data'!N75)) -> 8.1 | O75: =IF('Raw Data'!O75="","",'Raw Data'!O75) -> 27 | P75: =IF('Raw Data'!P75="","",'Raw Data'!P75) -> Stream rises from boulders. | Q75: =" " | R75: =IF(ISERROR(FIND(":",G75)),IF(G75<>"-",1*G75,G75),1*LEFT(G75,FIND(":",G75)-1)+RIGHT(G75,LEN(G75)-FIND(":",G75))/60) -> - | S75: =IF(ISERROR(FIND(":",H75)),IF(H75<>"-",1*H75,H75),1*LEFT(H75,FIND(":",H75)-1)+RIGHT(H75,LEN(H75)-FIND(":",H75))/60) -> 290 | T75: =IF(ISERROR(FIND(":",I75)),IF(I75<>"-",1*I75,I75),1*LEFT(I75,FIND(":",I75)-1)+RIGHT(I75,LEN(I75)-FIND(":",I75))/60) -> 110 | U75: =IF(ISERROR(FIND(":",K75)),K75,1*CONCATENATE(LEFT(K75,FIND(":",K75)-1),".",MID(RIGHT(K75,LEN(K75)-FIND(":",K75))/60,3,8))) -> 9.6666667 | W75: =J75*COS(U75*PI()/180) -> 47.614204 | X75: =J75*SIN(U75*PI()/180) -> 8.1103376 | Y75: =IF(R75="-",IF(S75>180,S75-180,S75+180),R75) -> 110
A76: =IF('Raw Data'!A76="","",'Raw Data'!A76) -> AE | B76: =IF('Raw Data'!B76="","",'Raw Data'!B76) -> AF | C76: =IF('Raw Data'!C76="","",'Raw Data'!C76) -> 40 | D76: =IF('Raw Data'!D76="","",'Raw Data'!D76) -> 5 to water | E76: =IF('Raw Data'!E76="","",'Raw Data'!E76) -> 3 | F76: =IF('Raw Data'!F76="","",'Raw Data'!F76) -> 4 | G76: =IF('Raw Data'!G76="","",SUBSTITUTE('Raw Data'!G76," ",":",1)) -> 050:30 | H76: =IF('Raw Data'!H76="","",SUBSTITUTE('Raw Data'!H76," ",":",1)) -> - | I76: =IF('Raw Data'!I76="","",SUBSTITUTE('Raw Data'!I76," ",":",1)) -> 050:30 | J76: =IF('Raw Data'!J76="","",IF(LEN(K76)>6,SQRT('Raw Data'!J76^2+N76^2),'Raw Data'!J76)) -> 17 | K76: =IF('Raw Data'!K76="","",IF(LEN('Raw Data'!K76)<7,SUBSTITUTE('Raw Data'!K76," ",":",1),'Raw Data'!K76)) -> 10:20 | L76: =IF('Raw Data'!L76="","",'Raw Data'!L76) | M76: =IF('Raw Data'!M76="","",'Raw Data'!M76) -> 16.7 | N76: =IF('Raw Data'!N76="","",IF('Raw Data'!N76="-",0,'Raw Data'!N76)) -> 3 | O76: =IF('Raw Data'!O76="","",'Raw Data'!O76) -> 35.1 | P76: =IF('Raw Data'!P76="","",'Raw Data'!P76) -> Stream sinks below boulders. | Q76: =" " | R76: =IF(ISERROR(FIND(":",G76)),IF(G76<>"-",1*G76,G76),1*LEFT(G76,FIND(":",G76)-1)+RIGHT(G76,LEN(G76)-FIND(":",G76))/60) -> 50.5 | S76: =IF(ISERROR(FIND(":",H76)),IF(H76<>"-",1*H76,H76),1*LEFT(H76,FIND(":",H76)-1)+RIGHT(H76,LEN(H76)-FIND(":",H76))/60) -> - | T76: =IF(ISERROR(FIND(":",I76)),IF(I76<>"-",1*I76,I76),1*LEFT(I76,FIND(":",I76)-1)+RIGHT(I76,LEN(I76)-FIND(":",I76))/60) -> 50.5 | U76: =IF(ISERROR(FIND(":",K76)),K76,1*CONCATENATE(LEFT(K76,FIND(":",K76)-1),".",MID(RIGHT(K76,LEN(K76)-FIND(":",K76))/60,3,8))) -> 10.333333 | W76: =J76*COS(U76*PI()/180) -> 16.724274 | X76: =J76*SIN(U76*PI()/180) -> 3.049368 | Y76: =IF(R76="-",IF(S76>180,S76-180,S76+180),R76) -> 50.5
A77: =IF('Raw Data'!A77="","",'Raw Data'!A77) -> AF | B77: =IF('Raw Data'!B77="","",'Raw Data'!B77) -> AG | C77: =IF('Raw Data'!C77="","",'Raw Data'!C77) -> 30 | D77: =IF('Raw Data'!D77="","",'Raw Data'!D77) -> 5 | E77: =IF('Raw Data'!E77="","",'Raw Data'!E77) -> - | F77: =IF('Raw Data'!F77="","",'Raw Data'!F77) -> 3 | G77: =IF('Raw Data'!G77="","",SUBSTITUTE('Raw Data'!G77," ",":",1)) -> - | H77: =IF('Raw Data'!H77="","",SUBSTITUTE('Raw Data'!H77," ",":",1)) -> 313:00 | I77: =IF('Raw Data'!I77="","",SUBSTITUTE('Raw Data'!I77," ",":",1)) -> 133:00 | J77: =IF('Raw Data'!J77="","",IF(LEN(K77)>6,SQRT('Raw Data'!J77^2+N77^2),'Raw Data'!J77)) -> 20.2 | K77: =IF('Raw Data'!K77="","",IF(LEN('Raw Data'!K77)<7,SUBSTITUTE('Raw Data'!K77," ",":",1),'Raw Data'!K77)) -> 3:00 | L77: =IF('Raw Data'!L77="","",'Raw Data'!L77) | M77: =IF('Raw Data'!M77="","",'Raw Data'!M77) -> 20.2 | N77: =IF('Raw Data'!N77="","",IF('Raw Data'!N77="-",0,'Raw Data'!N77)) -> 1.1 | O77: =IF('Raw Data'!O77="","",'Raw Data'!O77) -> 38.1 | P77: =IF('Raw Data'!P77="","",'Raw Data'!P77) -> AF above waterfall. | Q77: =" " | R77: =IF(ISERROR(FIND(":",G77)),IF(G77<>"-",1*G77,G77),1*LEFT(G77,FIND(":",G77)-1)+RIGHT(G77,LEN(G77)-FIND(":",G77))/60) -> - | S77: =IF(ISERROR(FIND(":",H77)),IF(H77<>"-",1*H77,H77),1*LEFT(H77,FIND(":",H77)-1)+RIGHT(H77,LEN(H77)-FIND(":",H77))/60) -> 313 | T77: =IF(ISERROR(FIND(":",I77)),IF(I77<>"-",1*I77,I77),1*LEFT(I77,FIND(":",I77)-1)+RIGHT(I77,LEN(I77)-FIND(":",I77))/60) -> 133 | U77: =IF(ISERROR(FIND(":",K77)),K77,1*CONCATENATE(LEFT(K77,FIND(":",K77)-1),".",MID(RIGHT(K77,LEN(K77)-FIND(":",K77))/60,3,8))) -> 3 | W77: =J77*COS(U77*PI()/180) -> 20.172317 | X77: =J77*SIN(U77*PI()/180) -> 1.0571863 | Y77: =IF(R77="-",IF(S77>180,S77-180,S77+180),R77) -> 133
A78: =IF('Raw Data'!A78="","",'Raw Data'!A78) -> AG | B78: =IF('Raw Data'!B78="","",'Raw Data'!B78) -> AH | C78: =IF('Raw Data'!C78="","",'Raw Data'!C78) -> 30 | D78: =IF('Raw Data'!D78="","",'Raw Data'!D78) -> 4 | E78: =IF('Raw Data'!E78="","",'Raw Data'!E78) -> 4 | F78: =IF('Raw Data'!F78="","",'Raw Data'!F78) -> / | G78: =IF('Raw Data'!G78="","",SUBSTITUTE('Raw Data'!G78," ",":",1)) -> 195:50 | H78: =IF('Raw Data'!H78="","",SUBSTITUTE('Raw Data'!H78," ",":",1)) -> - | I78: =IF('Raw Data'!I78="","",SUBSTITUTE('Raw Data'!I78," ",":",1)) -> 192:50 | J78: =IF('Raw Data'!J78="","",IF(LEN(K78)>6,SQRT('Raw Data'!J78^2+N78^2),'Raw Data'!J78)) -> 10.1 | K78: =IF('Raw Data'!K78="","",IF(LEN('Raw Data'!K78)<7,SUBSTITUTE('Raw Data'!K78," ",":",1),'Raw Data'!K78)) -> 11:20 | L78: =IF('Raw Data'!L78="","",'Raw Data'!L78) | M78: =IF('Raw Data'!M78="","",'Raw Data'!M78) -> 9.9 | N78: =IF('Raw Data'!N78="","",IF('Raw Data'!N78="-",0,'Raw Data'!N78)) -> 2 | O78: =IF('Raw Data'!O78="","",'Raw Data'!O78) -> 39.2 | P78: =IF('Raw Data'!P78="","",'Raw Data'!P78) | Q78: =" " | R78: =IF(ISERROR(FIND(":",G78)),IF(G78<>"-",1*G78,G78),1*LEFT(G78,FIND(":",G78)-1)+RIGHT(G78,LEN(G78)-FIND(":",G78))/60) -> 195.83333 | S78: =IF(ISERROR(FIND(":",H78)),IF(H78<>"-",1*H78,H78),1*LEFT(H78,FIND(":",H78)-1)+RIGHT(H78,LEN(H78)-FIND(":",H78))/60) -> - | T78: =IF(ISERROR(FIND(":",I78)),IF(I78<>"-",1*I78,I78),1*LEFT(I78,FIND(":",I78)-1)+RIGHT(I78,LEN(I78)-FIND(":",I78))/60) -> 192.83333 | U78: =IF(ISERROR(FIND(":",K78)),K78,1*CONCATENATE(LEFT(K78,FIND(":",K78)-1),".",MID(RIGHT(K78,LEN(K78)-FIND(":",K78))/60,3,8))) -> 11.333333 | W78: =J78*COS(U78*PI()/180) -> 9.903055 | X78: =J78*SIN(U78*PI()/180) -> 1.9848178 | Y78: =IF(R78="-",IF(S78>180,S78-180,S78+180),R78) -> 195.83333
A79: =IF('Raw Data'!A79="","",'Raw Data'!A79) -> AH | B79: =IF('Raw Data'!B79="","",'Raw Data'!B79) -> AI | C79: =IF('Raw Data'!C79="","",'Raw Data'!C79) -> 30 | D79: =IF('Raw Data'!D79="","",'Raw Data'!D79) -> 3 | E79: =IF('Raw Data'!E79="","",'Raw Data'!E79) -> 6 | F79: =IF('Raw Data'!F79="","",'Raw Data'!F79) -> 0 | G79: =IF('Raw Data'!G79="","",SUBSTITUTE('Raw Data'!G79," ",":",1)) -> - | H79: =IF('Raw Data'!H79="","",SUBSTITUTE('Raw Data'!H79," ",":",1)) -> 292:10 | I79: =IF('Raw Data'!I79="","",SUBSTITUTE('Raw Data'!I79," ",":",1)) -> 112:10 | J79: =IF('Raw Data'!J79="","",IF(LEN(K79)>6,SQRT('Raw Data'!J79^2+N79^2),'Raw Data'!J79)) -> 41.6 | K79: =IF('Raw Data'!K79="","",IF(LEN('Raw Data'!K79)<7,SUBSTITUTE('Raw Data'!K79," ",":",1),'Raw Data'!K79)) -> 4:50 | L79: =IF('Raw Data'!L79="","",'Raw Data'!L79) | M79: =IF('Raw Data'!M79="","",'Raw Data'!M79) -> 41.4 | N79: =IF('Raw Data'!N79="","",IF('Raw Data'!N79="-",0,'Raw Data'!N79)) -> 3.5 | O79: =IF('Raw Data'!O79="","",'Raw Data'!O79) -> 41.2 | P79: =IF('Raw Data'!P79="","",'Raw Data'!P79) | Q79: =" " | R79: =IF(ISERROR(FIND(":",G79)),IF(G79<>"-",1*G79,G79),1*LEFT(G79,FIND(":",G79)-1)+RIGHT(G79,LEN(G79)-FIND(":",G79))/60) -> - | S79: =IF(ISERROR(FIND(":",H79)),IF(H79<>"-",1*H79,H79),1*LEFT(H79,FIND(":",H79)-1)+RIGHT(H79,LEN(H79)-FIND(":",H79))/60) -> 292.16667 | T79: =IF(ISERROR(FIND(":",I79)),IF(I79<>"-",1*I79,I79),1*LEFT(I79,FIND(":",I79)-1)+RIGHT(I79,LEN(I79)-FIND(":",I79))/60) -> 112.16667 | U79: =IF(ISERROR(FIND(":",K79)),K79,1*CONCATENATE(LEFT(K79,FIND(":",K79)-1),".",MID(RIGHT(K79,LEN(K79)-FIND(":",K79))/60,3,8))) -> 4.8333333 | W79: =J79*COS(U79*PI()/180) -> 41.452071 | X79: =J79*SIN(U79*PI()/180) -> 3.5051147 | Y79: =IF(R79="-",IF(S79>180,S79-180,S79+180),R79) -> 112.16667
A80: =IF('Raw Data'!A80="","",'Raw Data'!A80) -> AI | B80: =IF('Raw Data'!B80="","",'Raw Data'!B80) -> AJ | C80: =IF('Raw Data'!C80="","",'Raw Data'!C80) -> 25 | D80: =IF('Raw Data'!D80="","",'Raw Data'!D80) -> 3 | E80: =IF('Raw Data'!E80="","",'Raw Data'!E80) -> 2 | F80: =IF('Raw Data'!F80="","",'Raw Data'!F80) -> 3 | G80: =IF('Raw Data'!G80="","",SUBSTITUTE('Raw Data'!G80," ",":",1)) -> 138:30 | H80: =IF('Raw Data'!H80="","",SUBSTITUTE('Raw Data'!H80," ",":",1)) -> - | I80: =IF('Raw Data'!I80="","",SUBSTITUTE('Raw Data'!I80," ",":",1)) -> 138:30 | J80: =IF('Raw Data'!J80="","",IF(LEN(K80)>6,SQRT('Raw Data'!J80^2+N80^2),'Raw Data'!J80)) -> 34.2 | K80: =IF('Raw Data'!K80="","",IF(LEN('Raw Data'!K80)<7,SUBSTITUTE('Raw Data'!K80," ",":",1),'Raw Data'!K80)) -> 6:30 | L80: =IF('Raw Data'!L80="","",'Raw Data'!L80) | M80: =IF('Raw Data'!M80="","",'Raw Data'!M80) -> 34 | N80: =IF('Raw Data'!N80="","",IF('Raw Data'!N80="-",0,'Raw Data'!N80)) -> 3.9 | O80: =IF('Raw Data'!O80="","",'Raw Data'!O80) -> 44.7 | P80: =IF('Raw Data'!P80="","",'Raw Data'!P80) | Q80: =" " | R80: =IF(ISERROR(FIND(":",G80)),IF(G80<>"-",1*G80,G80),1*LEFT(G80,FIND(":",G80)-1)+RIGHT(G80,LEN(G80)-FIND(":",G80))/60) -> 138.5 | S80: =IF(ISERROR(FIND(":",H80)),IF(H80<>"-",1*H80,H80),1*LEFT(H80,FIND(":",H80)-1)+RIGHT(H80,LEN(H80)-FIND(":",H80))/60) -> - | T80: =IF(ISERROR(FIND(":",I80)),IF(I80<>"-",1*I80,I80),1*LEFT(I80,FIND(":",I80)-1)+RIGHT(I80,LEN(I80)-FIND(":",I80))/60) -> 138.5 | U80: =IF(ISERROR(FIND(":",K80)),K80,1*CONCATENATE(LEFT(K80,FIND(":",K80)-1),".",MID(RIGHT(K80,LEN(K80)-FIND(":",K80))/60,3,8))) -> 6.5 | W80: =J80*COS(U80*PI()/180) -> 33.980157 | X80: =J80*SIN(U80*PI()/180) -> 3.8715499 | Y80: =IF(R80="-",IF(S80>180,S80-180,S80+180),R80) -> 138.5
A81: =IF('Raw Data'!A81="","",'Raw Data'!A81) -> AJ | B81: =IF('Raw Data'!B81="","",'Raw Data'!B81) -> AK | C81: =IF('Raw Data'!C81="","",'Raw Data'!C81) -> 10 | D81: =IF('Raw Data'!D81="","",'Raw Data'!D81) -> 6 | E81: =IF('Raw Data'!E81="","",'Raw Data'!E81) -> 1 | F81: =IF('Raw Data'!F81="","",'Raw Data'!F81) -> 2.5 | G81: =IF('Raw Data'!G81="","",SUBSTITUTE('Raw Data'!G81," ",":",1)) -> - | H81: =IF('Raw Data'!H81="","",SUBSTITUTE('Raw Data'!H81," ",":",1)) -> 286:00 | I81: =IF('Raw Data'!I81="","",SUBSTITUTE('Raw Data'!I81," ",":",1)) -> 106:00 | J81: =IF('Raw Data'!J81="","",IF(LEN(K81)>6,SQRT('Raw Data'!J81^2+N81^2),'Raw Data'!J81)) -> 31.8 | K81: =IF('Raw Data'!K81="","",IF(LEN('Raw Data'!K81)<7,SUBSTITUTE('Raw Data'!K81," ",":",1),'Raw Data'!K81)) -> 14:30 | L81: =IF('Raw Data'!L81="","",'Raw Data'!L81) | M81: =IF('Raw Data'!M81="","",'Raw Data'!M81) -> 30.7 | N81: =IF('Raw Data'!N81="","",IF('Raw Data'!N81="-",0,'Raw Data'!N81)) -> 8 | O81: =IF('Raw Data'!O81="","",'Raw Data'!O81) -> 48.6 | P81: =IF('Raw Data'!P81="","",'Raw Data'!P81) | Q81: =" " | R81: =IF(ISERROR(FIND(":",G81)),IF(G81<>"-",1*G81,G81),1*LEFT(G81,FIND(":",G81)-1)+RIGHT(G81,LEN(G81)-FIND(":",G81))/60) -> - | S81: =IF(ISERROR(FIND(":",H81)),IF(H81<>"-",1*H81,H81),1*LEFT(H81,FIND(":",H81)-1)+RIGHT(H81,LEN(H81)-FIND(":",H81))/60) -> 286 | T81: =IF(ISERROR(FIND(":",I81)),IF(I81<>"-",1*I81,I81),1*LEFT(I81,FIND(":",I81)-1)+RIGHT(I81,LEN(I81)-FIND(":",I81))/60) -> 106 | U81: =IF(ISERROR(FIND(":",K81)),K81,1*CONCATENATE(LEFT(K81,FIND(":",K81)-1),".",MID(RIGHT(K81,LEN(K81)-FIND(":",K81))/60,3,8))) -> 14.5 | W81: =J81*COS(U81*PI()/180) -> 30.787095 | X81: =J81*SIN(U81*PI()/180) -> 7.9620841 | Y81: =IF(R81="-",IF(S81>180,S81-180,S81+180),R81) -> 106
A82: =IF('Raw Data'!A82="","",'Raw Data'!A82) -> AK | B82: =IF('Raw Data'!B82="","",'Raw Data'!B82) -> AL | C82: =IF('Raw Data'!C82="","",'Raw Data'!C82) -> 4 (cascade) | D82: =IF('Raw Data'!D82="","",'Raw Data'!D82) -> 10 | E82: =IF('Raw Data'!E82="","",'Raw Data'!E82) -> 4 | F82: =IF('Raw Data'!F82="","",'Raw Data'!F82) -> 3 | G82: =IF('Raw Data'!G82="","",SUBSTITUTE('Raw Data'!G82," ",":",1)) -> 044:00 | H82: =IF('Raw Data'!H82="","",SUBSTITUTE('Raw Data'!H82," ",":",1)) -> - | I82: =IF('Raw Data'!I82="","",SUBSTITUTE('Raw Data'!I82," ",":",1)) -> 044:00 | J82: =IF('Raw Data'!J82="","",IF(LEN(K82)>6,SQRT('Raw Data'!J82^2+N82^2),'Raw Data'!J82)) -> 11.3 | K82: =IF('Raw Data'!K82="","",IF(LEN('Raw Data'!K82)<7,SUBSTITUTE('Raw Data'!K82," ",":",1),'Raw Data'!K82)) -> -0:30 | L82: =IF('Raw Data'!L82="","",'Raw Data'!L82) | M82: =IF('Raw Data'!M82="","",'Raw Data'!M82) -> 11.3 | N82: =IF('Raw Data'!N82="","",IF('Raw Data'!N82="-",0,'Raw Data'!N82)) -> -0.1 | O82: =IF('Raw Data'!O82="","",'Raw Data'!O82) -> 56.6 | P82: =IF('Raw Data'!P82="","",'Raw Data'!P82) -> AK is below hole into Upper Grottos. Asellus (sp?) present. | Q82: =" " | R82: =IF(ISERROR(FIND(":",G82)),IF(G82<>"-",1*G82,G82),1*LEFT(G82,FIND(":",G82)-1)+RIGHT(G82,LEN(G82)-FIND(":",G82))/60) -> 44 | S82: =IF(ISERROR(FIND(":",H82)),IF(H82<>"-",1*H82,H82),1*LEFT(H82,FIND(":",H82)-1)+RIGHT(H82,LEN(H82)-FIND(":",H82))/60) -> - | T82: =IF(ISERROR(FIND(":",I82)),IF(I82<>"-",1*I82,I82),1*LEFT(I82,FIND(":",I82)-1)+RIGHT(I82,LEN(I82)-FIND(":",I82))/60) -> 44 | U82: =IF(ISERROR(FIND(":",K82)),K82,1*CONCATENATE(LEFT(K82,FIND(":",K82)-1),".",MID(RIGHT(K82,LEN(K82)-FIND(":",K82))/60,3,8))) -> -0.5 | W82: =J82*COS(U82*PI()/180) -> 11.29957 | X82: =J82*SIN(U82*PI()/180) -> -0.098609851 | Y82: =IF(R82="-",IF(S82>180,S82-180,S82+180),R82) -> 44
A83: =IF('Raw Data'!A83="","",'Raw Data'!A83) -> AL | B83: =IF('Raw Data'!B83="","",'Raw Data'!B83) | C83: =IF('Raw Data'!C83="","",'Raw Data'!C83) | D83: =IF('Raw Data'!D83="","",'Raw Data'!D83) | E83: =IF('Raw Data'!E83="","",'Raw Data'!E83) | F83: =IF('Raw Data'!F83="","",'Raw Data'!F83) | G83: =IF('Raw Data'!G83="","",SUBSTITUTE('Raw Data'!G83," ",":",1)) | H83: =IF('Raw Data'!H83="","",SUBSTITUTE('Raw Data'!H83," ",":",1)) | I83: =IF('Raw Data'!I83="","",SUBSTITUTE('Raw Data'!I83," ",":",1)) | J83: =IF('Raw Data'!J83="","",IF(LEN(K83)>6,SQRT('Raw Data'!J83^2+N83^2),'Raw Data'!J83)) | K83: =IF('Raw Data'!K83="","",IF(LEN('Raw Data'!K83)<7,SUBSTITUTE('Raw Data'!K83," ",":",1),'Raw Data'!K83)) | L83: =IF('Raw Data'!L83="","",'Raw Data'!L83) | M83: =IF('Raw Data'!M83="","",'Raw Data'!M83) | N83: =IF('Raw Data'!N83="","",IF('Raw Data'!N83="-",0,'Raw Data'!N83)) | O83: =IF('Raw Data'!O83="","",'Raw Data'!O83) -> 56.5 | P83: =IF('Raw Data'!P83="","",'Raw Data'!P83) -> Total = 1,918' | Q83: =" "
A84: =IF('Raw Data'!A84="","",'Raw Data'!A84) | B84: =IF('Raw Data'!B84="","",'Raw Data'!B84) | C84: =IF('Raw Data'!C84="","",'Raw Data'!C84) | D84: =IF('Raw Data'!D84="","",'Raw Data'!D84) | E84: =IF('Raw Data'!E84="","",'Raw Data'!E84) | F84: =IF('Raw Data'!F84="","",'Raw Data'!F84) | G84: =IF('Raw Data'!G84="","",SUBSTITUTE('Raw Data'!G84," ",":",1)) | H84: =IF('Raw Data'!H84="","",SUBSTITUTE('Raw Data'!H84," ",":",1)) | I84: =IF('Raw Data'!I84="","",SUBSTITUTE('Raw Data'!I84," ",":",1)) | J84: =IF('Raw Data'!J84="","",IF(LEN(K84)>6,SQRT('Raw Data'!J84^2+N84^2),'Raw Data'!J84)) | K84: =IF('Raw Data'!K84="","",IF(LEN('Raw Data'!K84)<7,SUBSTITUTE('Raw Data'!K84," ",":",1),'Raw Data'!K84)) | L84: =IF('Raw Data'!L84="","",'Raw Data'!L84) | M84: =IF('Raw Data'!M84="","",'Raw Data'!M84) | N84: =IF('Raw Data'!N84="","",IF('Raw Data'!N84="-",0,'Raw Data'!N84)) | O84: =IF('Raw Data'!O84="","",'Raw Data'!O84) | P84: =IF('Raw Data'!P84="","",'Raw Data'!P84) | Q84: =" "
A85: =IF('Raw Data'!A85="","",'Raw Data'!A85) -> 2nd April 1952 | B85: =IF('Raw Data'!B85="","",'Raw Data'!B85) -> Cono & Roy Blewett | C85: =IF('Raw Data'!C85="","",'Raw Data'!C85) | D85: =IF('Raw Data'!D85="","",'Raw Data'!D85) | E85: =IF('Raw Data'!E85="","",'Raw Data'!E85) | F85: =IF('Raw Data'!F85="","",'Raw Data'!F85) | G85: =IF('Raw Data'!G85="","",SUBSTITUTE('Raw Data'!G85," ",":",1)) | H85: =IF('Raw Data'!H85="","",SUBSTITUTE('Raw Data'!H85," ",":",1)) | I85: =IF('Raw Data'!I85="","",SUBSTITUTE('Raw Data'!I85," ",":",1)) | J85: =IF('Raw Data'!J85="","",IF(LEN(K85)>6,SQRT('Raw Data'!J85^2+N85^2),'Raw Data'!J85)) | K85: =IF('Raw Data'!K85="","",IF(LEN('Raw Data'!K85)<7,SUBSTITUTE('Raw Data'!K85," ",":",1),'Raw Data'!K85)) | L85: =IF('Raw Data'!L85="","",'Raw Data'!L85) | M85: =IF('Raw Data'!M85="","",'Raw Data'!M85) | N85: =IF('Raw Data'!N85="","",IF('Raw Data'!N85="-",0,'Raw Data'!N85)) | O85: =IF('Raw Data'!O85="","",'Raw Data'!O85) | P85: =IF('Raw Data'!P85="","",'Raw Data'!P85) | Q85: =" "
A86: =IF('Raw Data'!A86="","",'Raw Data'!A86) -> AL | B86: =IF('Raw Data'!B86="","",'Raw Data'!B86) -> AN | C86: =IF('Raw Data'!C86="","",'Raw Data'!C86) -> 8 | D86: =IF('Raw Data'!D86="","",'Raw Data'!D86) -> 6 | E86: =IF('Raw Data'!E86="","",'Raw Data'!E86) -> 6 | F86: =IF('Raw Data'!F86="","",'Raw Data'!F86) -> 0 | G86: =IF('Raw Data'!G86="","",SUBSTITUTE('Raw Data'!G86," ",":",1)) -> - | H86: =IF('Raw Data'!H86="","",SUBSTITUTE('Raw Data'!H86," ",":",1)) -> 126:40 | I86: =IF('Raw Data'!I86="","",SUBSTITUTE('Raw Data'!I86," ",":",1)) -> 306:40 | J86: =IF('Raw Data'!J86="","",IF(LEN(K86)>6,SQRT('Raw Data'!J86^2+N86^2),'Raw Data'!J86)) -> 12.8 | K86: =IF('Raw Data'!K86="","",IF(LEN('Raw Data'!K86)<7,SUBSTITUTE('Raw Data'!K86," ",":",1),'Raw Data'!K86)) -> -4:30 | L86: =IF('Raw Data'!L86="","",'Raw Data'!L86) | M86: =IF('Raw Data'!M86="","",'Raw Data'!M86) -> 12.8 | N86: =IF('Raw Data'!N86="","",IF('Raw Data'!N86="-",0,'Raw Data'!N86)) -> -1 | O86: =IF('Raw Data'!O86="","",'Raw Data'!O86) -> 56.5 | P86: =IF('Raw Data'!P86="","",'Raw Data'!P86) -> AL is start of St. Pauls survey | Q86: =" " | R86: =IF(ISERROR(FIND(":",G86)),IF(G86<>"-",1*G86,G86),1*LEFT(G86,FIND(":",G86)-1)+RIGHT(G86,LEN(G86)-FIND(":",G86))/60) -> - | S86: =IF(ISERROR(FIND(":",H86)),IF(H86<>"-",1*H86,H86),1*LEFT(H86,FIND(":",H86)-1)+RIGHT(H86,LEN(H86)-FIND(":",H86))/60) -> 126.66667 | T86: =IF(ISERROR(FIND(":",I86)),IF(I86<>"-",1*I86,I86),1*LEFT(I86,FIND(":",I86)-1)+RIGHT(I86,LEN(I86)-FIND(":",I86))/60) -> 306.66667 | U86: =IF(ISERROR(FIND(":",K86)),K86,1*CONCATENATE(LEFT(K86,FIND(":",K86)-1),".",MID(RIGHT(K86,LEN(K86)-FIND(":",K86))/60,3,8))) -> -4.5 | W86: =J86*COS(U86*PI()/180) -> 12.760542 | X86: =J86*SIN(U86*PI()/180) -> -1.0042764 | Y86: =IF(R86="-",IF(S86>180,S86-180,S86+180),R86) -> 306.66667
A87: =IF('Raw Data'!A87="","",'Raw Data'!A87) -> AN | B87: =IF('Raw Data'!B87="","",'Raw Data'!B87) -> AO | C87: =IF('Raw Data'!C87="","",'Raw Data'!C87) -> 12 | D87: =IF('Raw Data'!D87="","",'Raw Data'!D87) -> 4 | E87: =IF('Raw Data'!E87="","",'Raw Data'!E87) -> 2 | F87: =IF('Raw Data'!F87="","",'Raw Data'!F87) -> 4 | G87: =IF('Raw Data'!G87="","",SUBSTITUTE('Raw Data'!G87," ",":",1)) -> 025:20 | H87: =IF('Raw Data'!H87="","",SUBSTITUTE('Raw Data'!H87," ",":",1)) -> - | I87: =IF('Raw Data'!I87="","",SUBSTITUTE('Raw Data'!I87," ",":",1)) -> 025:20 | J87: =IF('Raw Data'!J87="","",IF(LEN(K87)>6,SQRT('Raw Data'!J87^2+N87^2),'Raw Data'!J87)) -> 16.8 | K87: =IF('Raw Data'!K87="","",IF(LEN('Raw Data'!K87)<7,SUBSTITUTE('Raw Data'!K87," ",":",1),'Raw Data'!K87)) -> 26:00 | L87: =IF('Raw Data'!L87="","",'Raw Data'!L87) | M87: =IF('Raw Data'!M87="","",'Raw Data'!M87) -> 15.1 | N87: =IF('Raw Data'!N87="","",IF('Raw Data'!N87="-",0,'Raw Data'!N87)) -> 7.4 | O87: =IF('Raw Data'!O87="","",'Raw Data'!O87) -> 55.5 | P87: =IF('Raw Data'!P87="","",'Raw Data'!P87) -> AN is at S. end of lower big pot. | Q87: =" " | R87: =IF(ISERROR(FIND(":",G87)),IF(G87<>"-",1*G87,G87),1*LEFT(G87,FIND(":",G87)-1)+RIGHT(G87,LEN(G87)-FIND(":",G87))/60) -> 25.333333 | S87: =IF(ISERROR(FIND(":",H87)),IF(H87<>"-",1*H87,H87),1*LEFT(H87,FIND(":",H87)-1)+RIGHT(H87,LEN(H87)-FIND(":",H87))/60) -> - | T87: =IF(ISERROR(FIND(":",I87)),IF(I87<>"-",1*I87,I87),1*LEFT(I87,FIND(":",I87)-1)+RIGHT(I87,LEN(I87)-FIND(":",I87))/60) -> 25.333333 | U87: =IF(ISERROR(FIND(":",K87)),K87,1*CONCATENATE(LEFT(K87,FIND(":",K87)-1),".",MID(RIGHT(K87,LEN(K87)-FIND(":",K87))/60,3,8))) -> 26 | W87: =J87*COS(U87*PI()/180) -> 15.09974 | X87: =J87*SIN(U87*PI()/180) -> 7.3646353 | Y87: =IF(R87="-",IF(S87>180,S87-180,S87+180),R87) -> 25.333333
A88: =IF('Raw Data'!A88="","",'Raw Data'!A88) -> AO | B88: =IF('Raw Data'!B88="","",'Raw Data'!B88) -> AP | C88: =IF('Raw Data'!C88="","",'Raw Data'!C88) -> 8 | D88: =IF('Raw Data'!D88="","",'Raw Data'!D88) -> 6 | E88: =IF('Raw Data'!E88="","",'Raw Data'!E88) -> 1 | F88: =IF('Raw Data'!F88="","",'Raw Data'!F88) -> 2 | G88: =IF('Raw Data'!G88="","",SUBSTITUTE('Raw Data'!G88," ",":",1)) -> - | H88: =IF('Raw Data'!H88="","",SUBSTITUTE('Raw Data'!H88," ",":",1)) -> 243:50 | I88: =IF('Raw Data'!I88="","",SUBSTITUTE('Raw Data'!I88," ",":",1)) -> 063:50 | J88: =IF('Raw Data'!J88="","",IF(LEN(K88)>6,SQRT('Raw Data'!J88^2+N88^2),'Raw Data'!J88)) -> 27.7 | K88: =IF('Raw Data'!K88="","",IF(LEN('Raw Data'!K88)<7,SUBSTITUTE('Raw Data'!K88," ",":",1),'Raw Data'!K88)) -> 12:00 | L88: =IF('Raw Data'!L88="","",'Raw Data'!L88) | M88: =IF('Raw Data'!M88="","",'Raw Data'!M88) -> 27.1 | N88: =IF('Raw Data'!N88="","",IF('Raw Data'!N88="-",0,'Raw Data'!N88)) -> 5.8 | O88: =IF('Raw Data'!O88="","",'Raw Data'!O88) -> 62.9 | P88: =IF('Raw Data'!P88="","",'Raw Data'!P88) | Q88: =" " | R88: =IF(ISERROR(FIND(":",G88)),IF(G88<>"-",1*G88,G88),1*LEFT(G88,FIND(":",G88)-1)+RIGHT(G88,LEN(G88)-FIND(":",G88))/60) -> - | S88: =IF(ISERROR(FIND(":",H88)),IF(H88<>"-",1*H88,H88),1*LEFT(H88,FIND(":",H88)-1)+RIGHT(H88,LEN(H88)-FIND(":",H88))/60) -> 243.83333 | T88: =IF(ISERROR(FIND(":",I88)),IF(I88<>"-",1*I88,I88),1*LEFT(I88,FIND(":",I88)-1)+RIGHT(I88,LEN(I88)-FIND(":",I88))/60) -> 63.833333 | U88: =IF(ISERROR(FIND(":",K88)),K88,1*CONCATENATE(LEFT(K88,FIND(":",K88)-1),".",MID(RIGHT(K88,LEN(K88)-FIND(":",K88))/60,3,8))) -> 12 | W88: =J88*COS(U88*PI()/180) -> 27.094689 | X88: =J88*SIN(U88*PI()/180) -> 5.7591538 | Y88: =IF(R88="-",IF(S88>180,S88-180,S88+180),R88) -> 63.833333
A89: =IF('Raw Data'!A89="","",'Raw Data'!A89) -> AP | B89: =IF('Raw Data'!B89="","",'Raw Data'!B89) -> AQ | C89: =IF('Raw Data'!C89="","",'Raw Data'!C89) -> 20 | D89: =IF('Raw Data'!D89="","",'Raw Data'!D89) -> 4.5 | E89: =IF('Raw Data'!E89="","",'Raw Data'!E89) -> 1 | F89: =IF('Raw Data'!F89="","",'Raw Data'!F89) -> 3 | G89: =IF('Raw Data'!G89="","",SUBSTITUTE('Raw Data'!G89," ",":",1)) -> 094:00 | H89: =IF('Raw Data'!H89="","",SUBSTITUTE('Raw Data'!H89," ",":",1)) -> - | I89: =IF('Raw Data'!I89="","",SUBSTITUTE('Raw Data'!I89," ",":",1)) -> 094:00 | J89: =IF('Raw Data'!J89="","",IF(LEN(K89)>6,SQRT('Raw Data'!J89^2+N89^2),'Raw Data'!J89)) -> 23.2 | K89: =IF('Raw Data'!K89="","",IF(LEN('Raw Data'!K89)<7,SUBSTITUTE('Raw Data'!K89," ",":",1),'Raw Data'!K89)) -> 10:30 | L89: =IF('Raw Data'!L89="","",'Raw Data'!L89) | M89: =IF('Raw Data'!M89="","",'Raw Data'!M89) -> 22.8 | N89: =IF('Raw Data'!N89="","",IF('Raw Data'!N89="-",0,'Raw Data'!N89)) -> 4.1 | O89: =IF('Raw Data'!O89="","",'Raw Data'!O89) -> 68.7 | P89: =IF('Raw Data'!P89="","",'Raw Data'!P89) | Q89: =" " | R89: =IF(ISERROR(FIND(":",G89)),IF(G89<>"-",1*G89,G89),1*LEFT(G89,FIND(":",G89)-1)+RIGHT(G89,LEN(G89)-FIND(":",G89))/60) -> 94 | S89: =IF(ISERROR(FIND(":",H89)),IF(H89<>"-",1*H89,H89),1*LEFT(H89,FIND(":",H89)-1)+RIGHT(H89,LEN(H89)-FIND(":",H89))/60) -> - | T89: =IF(ISERROR(FIND(":",I89)),IF(I89<>"-",1*I89,I89),1*LEFT(I89,FIND(":",I89)-1)+RIGHT(I89,LEN(I89)-FIND(":",I89))/60) -> 94 | U89: =IF(ISERROR(FIND(":",K89)),K89,1*CONCATENATE(LEFT(K89,FIND(":",K89)-1),".",MID(RIGHT(K89,LEN(K89)-FIND(":",K89))/60,3,8))) -> 10.5 | W89: =J89*COS(U89*PI()/180) -> 22.811514 | X89: =J89*SIN(U89*PI()/180) -> 4.2278642 | Y89: =IF(R89="-",IF(S89>180,S89-180,S89+180),R89) -> 94
A90: =IF('Raw Data'!A90="","",'Raw Data'!A90) -> AQ | B90: =IF('Raw Data'!B90="","",'Raw Data'!B90) -> AR | C90: =IF('Raw Data'!C90="","",'Raw Data'!C90) -> 30 | D90: =IF('Raw Data'!D90="","",'Raw Data'!D90) -> 6 | E90: =IF('Raw Data'!E90="","",'Raw Data'!E90) -> 0 | F90: =IF('Raw Data'!F90="","",'Raw Data'!F90) -> 4 | G90: =IF('Raw Data'!G90="","",SUBSTITUTE('Raw Data'!G90," ",":",1)) -> - | H90: =IF('Raw Data'!H90="","",SUBSTITUTE('Raw Data'!H90," ",":",1)) -> 316:00 | I90: =IF('Raw Data'!I90="","",SUBSTITUTE('Raw Data'!I90," ",":",1)) -> 136:00 | J90: =IF('Raw Data'!J90="","",IF(LEN(K90)>6,SQRT('Raw Data'!J90^2+N90^2),'Raw Data'!J90)) -> 10.7 | K90: =IF('Raw Data'!K90="","",IF(LEN('Raw Data'!K90)<7,SUBSTITUTE('Raw Data'!K90," ",":",1),'Raw Data'!K90)) -> -5:30 | L90: =IF('Raw Data'!L90="","",'Raw Data'!L90) | M90: =IF('Raw Data'!M90="","",'Raw Data'!M90) -> 10.6 | N90: =IF('Raw Data'!N90="","",IF('Raw Data'!N90="-",0,'Raw Data'!N90)) -> -1 | O90: =IF('Raw Data'!O90="","",'Raw Data'!O90) -> 72.8 | P90: =IF('Raw Data'!P90="","",'Raw Data'!P90) | Q90: =" " | R90: =IF(ISERROR(FIND(":",G90)),IF(G90<>"-",1*G90,G90),1*LEFT(G90,FIND(":",G90)-1)+RIGHT(G90,LEN(G90)-FIND(":",G90))/60) -> - | S90: =IF(ISERROR(FIND(":",H90)),IF(H90<>"-",1*H90,H90),1*LEFT(H90,FIND(":",H90)-1)+RIGHT(H90,LEN(H90)-FIND(":",H90))/60) -> 316 | T90: =IF(ISERROR(FIND(":",I90)),IF(I90<>"-",1*I90,I90),1*LEFT(I90,FIND(":",I90)-1)+RIGHT(I90,LEN(I90)-FIND(":",I90))/60) -> 136 | U90: =IF(ISERROR(FIND(":",K90)),K90,1*CONCATENATE(LEFT(K90,FIND(":",K90)-1),".",MID(RIGHT(K90,LEN(K90)-FIND(":",K90))/60,3,8))) -> -5.5 | W90: =J90*COS(U90*PI()/180) -> 10.650739 | X90: =J90*SIN(U90*PI()/180) -> -1.0255496 | Y90: =IF(R90="-",IF(S90>180,S90-180,S90+180),R90) -> 136
A91: =IF('Raw Data'!A91="","",'Raw Data'!A91) -> AR | B91: =IF('Raw Data'!B91="","",'Raw Data'!B91) -> AS | C91: =IF('Raw Data'!C91="","",'Raw Data'!C91) -> 30 | D91: =IF('Raw Data'!D91="","",'Raw Data'!D91) -> 4 | E91: =IF('Raw Data'!E91="","",'Raw Data'!E91) -> / | F91: =IF('Raw Data'!F91="","",'Raw Data'!F91) -> 2 | G91: =IF('Raw Data'!G91="","",SUBSTITUTE('Raw Data'!G91," ",":",1)) -> 012:20 | H91: =IF('Raw Data'!H91="","",SUBSTITUTE('Raw Data'!H91," ",":",1)) -> - | I91: =IF('Raw Data'!I91="","",SUBSTITUTE('Raw Data'!I91," ",":",1)) -> 012:20 | J91: =IF('Raw Data'!J91="","",IF(LEN(K91)>6,SQRT('Raw Data'!J91^2+N91^2),'Raw Data'!J91)) -> 26.5 | K91: =IF('Raw Data'!K91="","",IF(LEN('Raw Data'!K91)<7,SUBSTITUTE('Raw Data'!K91," ",":",1),'Raw Data'!K91)) -> 28:30 | L91: =IF('Raw Data'!L91="","",'Raw Data'!L91) | M91: =IF('Raw Data'!M91="","",'Raw Data'!M91) -> 23.3 | N91: =IF('Raw Data'!N91="","",IF('Raw Data'!N91="-",0,'Raw Data'!N91)) -> 12.6 | O91: =IF('Raw Data'!O91="","",'Raw Data'!O91) -> 71.8 | P91: =IF('Raw Data'!P91="","",'Raw Data'!P91) | Q91: =" " | R91: =IF(ISERROR(FIND(":",G91)),IF(G91<>"-",1*G91,G91),1*LEFT(G91,FIND(":",G91)-1)+RIGHT(G91,LEN(G91)-FIND(":",G91))/60) -> 12.333333 | S91: =IF(ISERROR(FIND(":",H91)),IF(H91<>"-",1*H91,H91),1*LEFT(H91,FIND(":",H91)-1)+RIGHT(H91,LEN(H91)-FIND(":",H91))/60) -> - | T91: =IF(ISERROR(FIND(":",I91)),IF(I91<>"-",1*I91,I91),1*LEFT(I91,FIND(":",I91)-1)+RIGHT(I91,LEN(I91)-FIND(":",I91))/60) -> 12.333333 | U91: =IF(ISERROR(FIND(":",K91)),K91,1*CONCATENATE(LEFT(K91,FIND(":",K91)-1),".",MID(RIGHT(K91,LEN(K91)-FIND(":",K91))/60,3,8))) -> 28.5 | W91: =J91*COS(U91*PI()/180) -> 23.288653 | X91: =J91*SIN(U91*PI()/180) -> 12.644707 | Y91: =IF(R91="-",IF(S91>180,S91-180,S91+180),R91) -> 12.333333
A92: =IF('Raw Data'!A92="","",'Raw Data'!A92) -> AS | B92: =IF('Raw Data'!B92="","",'Raw Data'!B92) -> AT | C92: =IF('Raw Data'!C92="","",'Raw Data'!C92) -> 30 | D92: =IF('Raw Data'!D92="","",'Raw Data'!D92) -> 10 | E92: =IF('Raw Data'!E92="","",'Raw Data'!E92) -> 6 | F92: =IF('Raw Data'!F92="","",'Raw Data'!F92) -> 1 | G92: =IF('Raw Data'!G92="","",SUBSTITUTE('Raw Data'!G92," ",":",1)) -> - | H92: =IF('Raw Data'!H92="","",SUBSTITUTE('Raw Data'!H92," ",":",1)) -> 169:30 | I92: =IF('Raw Data'!I92="","",SUBSTITUTE('Raw Data'!I92," ",":",1)) -> 349:30 | J92: =IF('Raw Data'!J92="","",IF(LEN(K92)>6,SQRT('Raw Data'!J92^2+N92^2),'Raw Data'!J92)) -> 38.6 | K92: =IF('Raw Data'!K92="","",IF(LEN('Raw Data'!K92)<7,SUBSTITUTE('Raw Data'!K92," ",":",1),'Raw Data'!K92)) -> 10:30 | L92: =IF('Raw Data'!L92="","",'Raw Data'!L92) | M92: =IF('Raw Data'!M92="","",'Raw Data'!M92) -> 38 | N92: =IF('Raw Data'!N92="","",IF('Raw Data'!N92="-",0,'Raw Data'!N92)) -> 7 | O92: =IF('Raw Data'!O92="","",'Raw Data'!O92) -> 84.4 | P92: =IF('Raw Data'!P92="","",'Raw Data'!P92) | Q92: =" " | R92: =IF(ISERROR(FIND(":",G92)),IF(G92<>"-",1*G92,G92),1*LEFT(G92,FIND(":",G92)-1)+RIGHT(G92,LEN(G92)-FIND(":",G92))/60) -> - | S92: =IF(ISERROR(FIND(":",H92)),IF(H92<>"-",1*H92,H92),1*LEFT(H92,FIND(":",H92)-1)+RIGHT(H92,LEN(H92)-FIND(":",H92))/60) -> 169.5 | T92: =IF(ISERROR(FIND(":",I92)),IF(I92<>"-",1*I92,I92),1*LEFT(I92,FIND(":",I92)-1)+RIGHT(I92,LEN(I92)-FIND(":",I92))/60) -> 349.5 | U92: =IF(ISERROR(FIND(":",K92)),K92,1*CONCATENATE(LEFT(K92,FIND(":",K92)-1),".",MID(RIGHT(K92,LEN(K92)-FIND(":",K92))/60,3,8))) -> 10.5 | W92: =J92*COS(U92*PI()/180) -> 37.953639 | X92: =J92*SIN(U92*PI()/180) -> 7.0342913 | Y92: =IF(R92="-",IF(S92>180,S92-180,S92+180),R92) -> 349.5
A93: =IF('Raw Data'!A93="","",'Raw Data'!A93) -> AT | B93: =IF('Raw Data'!B93="","",'Raw Data'!B93) -> AU | C93: =IF('Raw Data'!C93="","",'Raw Data'!C93) -> 8 | D93: =IF('Raw Data'!D93="","",'Raw Data'!D93) -> 13 | E93: =IF('Raw Data'!E93="","",'Raw Data'!E93) -> 6 | F93: =IF('Raw Data'!F93="","",'Raw Data'!F93) -> 1 | G93: =IF('Raw Data'!G93="","",SUBSTITUTE('Raw Data'!G93," ",":",1)) -> 321:40 | H93: =IF('Raw Data'!H93="","",SUBSTITUTE('Raw Data'!H93," ",":",1)) -> - | I93: =IF('Raw Data'!I93="","",SUBSTITUTE('Raw Data'!I93," ",":",1)) -> 321:40 | J93: =IF('Raw Data'!J93="","",IF(LEN(K93)>6,SQRT('Raw Data'!J93^2+N93^2),'Raw Data'!J93)) -> 23.3 | K93: =IF('Raw Data'!K93="","",IF(LEN('Raw Data'!K93)<7,SUBSTITUTE('Raw Data'!K93," ",":",1),'Raw Data'!K93)) -> -4:00 | L93: =IF('Raw Data'!L93="","",'Raw Data'!L93) | M93: =IF('Raw Data'!M93="","",'Raw Data'!M93) -> 23.2 | N93: =IF('Raw Data'!N93="","",IF('Raw Data'!N93="-",0,'Raw Data'!N93)) -> -1.6 | O93: =IF('Raw Data'!O93="","",'Raw Data'!O93) -> 91.4 | P93: =IF('Raw Data'!P93="","",'Raw Data'!P93) | Q93: =" " | R93: =IF(ISERROR(FIND(":",G93)),IF(G93<>"-",1*G93,G93),1*LEFT(G93,FIND(":",G93)-1)+RIGHT(G93,LEN(G93)-FIND(":",G93))/60) -> 321.66667 | S93: =IF(ISERROR(FIND(":",H93)),IF(H93<>"-",1*H93,H93),1*LEFT(H93,FIND(":",H93)-1)+RIGHT(H93,LEN(H93)-FIND(":",H93))/60) -> - | T93: =IF(ISERROR(FIND(":",I93)),IF(I93<>"-",1*I93,I93),1*LEFT(I93,FIND(":",I93)-1)+RIGHT(I93,LEN(I93)-FIND(":",I93))/60) -> 321.66667 | U93: =IF(ISERROR(FIND(":",K93)),K93,1*CONCATENATE(LEFT(K93,FIND(":",K93)-1),".",MID(RIGHT(K93,LEN(K93)-FIND(":",K93))/60,3,8))) -> -4 | W93: =J93*COS(U93*PI()/180) -> 23.243242 | X93: =J93*SIN(U93*PI()/180) -> -1.6253258 | Y93: =IF(R93="-",IF(S93>180,S93-180,S93+180),R93) -> 321.66667
A94: =IF('Raw Data'!A94="","",'Raw Data'!A94) -> AU | B94: =IF('Raw Data'!B94="","",'Raw Data'!B94) -> AV | C94: =IF('Raw Data'!C94="","",'Raw Data'!C94) -> 25 | D94: =IF('Raw Data'!D94="","",'Raw Data'!D94) -> 5 | E94: =IF('Raw Data'!E94="","",'Raw Data'!E94) -> 2 | F94: =IF('Raw Data'!F94="","",'Raw Data'!F94) -> 6 | G94: =IF('Raw Data'!G94="","",SUBSTITUTE('Raw Data'!G94," ",":",1)) -> - | H94: =IF('Raw Data'!H94="","",SUBSTITUTE('Raw Data'!H94," ",":",1)) -> 245:30 | I94: =IF('Raw Data'!I94="","",SUBSTITUTE('Raw Data'!I94," ",":",1)) -> 065:30 | J94: =IF('Raw Data'!J94="","",IF(LEN(K94)>6,SQRT('Raw Data'!J94^2+N94^2),'Raw Data'!J94)) -> 23.3 | K94: =IF('Raw Data'!K94="","",IF(LEN('Raw Data'!K94)<7,SUBSTITUTE('Raw Data'!K94," ",":",1),'Raw Data'!K94)) -> 9:00 | L94: =IF('Raw Data'!L94="","",'Raw Data'!L94) | M94: =IF('Raw Data'!M94="","",'Raw Data'!M94) -> 23 | N94: =IF('Raw Data'!N94="","",IF('Raw Data'!N94="-",0,'Raw Data'!N94)) -> 3.6 | O94: =IF('Raw Data'!O94="","",'Raw Data'!O94) -> 89.8 | P94: =IF('Raw Data'!P94="","",'Raw Data'!P94) | Q94: =" " | R94: =IF(ISERROR(FIND(":",G94)),IF(G94<>"-",1*G94,G94),1*LEFT(G94,FIND(":",G94)-1)+RIGHT(G94,LEN(G94)-FIND(":",G94))/60) -> - | S94: =IF(ISERROR(FIND(":",H94)),IF(H94<>"-",1*H94,H94),1*LEFT(H94,FIND(":",H94)-1)+RIGHT(H94,LEN(H94)-FIND(":",H94))/60) -> 245.5 | T94: =IF(ISERROR(FIND(":",I94)),IF(I94<>"-",1*I94,I94),1*LEFT(I94,FIND(":",I94)-1)+RIGHT(I94,LEN(I94)-FIND(":",I94))/60) -> 65.5 | U94: =IF(ISERROR(FIND(":",K94)),K94,1*CONCATENATE(LEFT(K94,FIND(":",K94)-1),".",MID(RIGHT(K94,LEN(K94)-FIND(":",K94))/60,3,8))) -> 9 | W94: =J94*COS(U94*PI()/180) -> 23.013138 | X94: =J94*SIN(U94*PI()/180) -> 3.644923 | Y94: =IF(R94="-",IF(S94>180,S94-180,S94+180),R94) -> 65.5
A95: =IF('Raw Data'!A95="","",'Raw Data'!A95) -> AV | B95: =IF('Raw Data'!B95="","",'Raw Data'!B95) -> AW | C95: =IF('Raw Data'!C95="","",'Raw Data'!C95) -> 30 | D95: =IF('Raw Data'!D95="","",'Raw Data'!D95) -> 1.5 | E95: =IF('Raw Data'!E95="","",'Raw Data'!E95) -> 7 | F95: =IF('Raw Data'!F95="","",'Raw Data'!F95) -> 8 | G95: =IF('Raw Data'!G95="","",SUBSTITUTE('Raw Data'!G95," ",":",1)) -> 108:30 | H95: =IF('Raw Data'!H95="","",SUBSTITUTE('Raw Data'!H95," ",":",1)) -> - | I95: =IF('Raw Data'!I95="","",SUBSTITUTE('Raw Data'!I95," ",":",1)) -> 108:30 | J95: =IF('Raw Data'!J95="","",IF(LEN(K95)>6,SQRT('Raw Data'!J95^2+N95^2),'Raw Data'!J95)) -> 24.1 | K95: =IF('Raw Data'!K95="","",IF(LEN('Raw Data'!K95)<7,SUBSTITUTE('Raw Data'!K95," ",":",1),'Raw Data'!K95)) -> 27:30 | L95: =IF('Raw Data'!L95="","",'Raw Data'!L95) | M95: =IF('Raw Data'!M95="","",'Raw Data'!M95) -> 21.4 | N95: =IF('Raw Data'!N95="","",IF('Raw Data'!N95="-",0,'Raw Data'!N95)) -> 11.1 | O95: =IF('Raw Data'!O95="","",'Raw Data'!O95) -> 93.4 | P95: =IF('Raw Data'!P95="","",'Raw Data'!P95) -> AV is in middle of upper big pot. | Q95: =" " | R95: =IF(ISERROR(FIND(":",G95)),IF(G95<>"-",1*G95,G95),1*LEFT(G95,FIND(":",G95)-1)+RIGHT(G95,LEN(G95)-FIND(":",G95))/60) -> 108.5 | S95: =IF(ISERROR(FIND(":",H95)),IF(H95<>"-",1*H95,H95),1*LEFT(H95,FIND(":",H95)-1)+RIGHT(H95,LEN(H95)-FIND(":",H95))/60) -> - | T95: =IF(ISERROR(FIND(":",I95)),IF(I95<>"-",1*I95,I95),1*LEFT(I95,FIND(":",I95)-1)+RIGHT(I95,LEN(I95)-FIND(":",I95))/60) -> 108.5 | U95: =IF(ISERROR(FIND(":",K95)),K95,1*CONCATENATE(LEFT(K95,FIND(":",K95)-1),".",MID(RIGHT(K95,LEN(K95)-FIND(":",K95))/60,3,8))) -> 27.5 | W95: =J95*COS(U95*PI()/180) -> 21.376961 | X95: =J95*SIN(U95*PI()/180) -> 11.128142 | Y95: =IF(R95="-",IF(S95>180,S95-180,S95+180),R95) -> 108.5
A96: =IF('Raw Data'!A96="","",'Raw Data'!A96) -> AW | B96: =IF('Raw Data'!B96="","",'Raw Data'!B96) -> AX | C96: =IF('Raw Data'!C96="","",'Raw Data'!C96) -> 35 | D96: =IF('Raw Data'!D96="","",'Raw Data'!D96) -> 6 | E96: =IF('Raw Data'!E96="","",'Raw Data'!E96) -> 8 | F96: =IF('Raw Data'!F96="","",'Raw Data'!F96) -> 2 | G96: =IF('Raw Data'!G96="","",SUBSTITUTE('Raw Data'!G96," ",":",1)) -> - | H96: =IF('Raw Data'!H96="","",SUBSTITUTE('Raw Data'!H96," ",":",1)) -> 259:40 | I96: =IF('Raw Data'!I96="","",SUBSTITUTE('Raw Data'!I96," ",":",1)) -> 079:40 | J96: =IF('Raw Data'!J96="","",IF(LEN(K96)>6,SQRT('Raw Data'!J96^2+N96^2),'Raw Data'!J96)) -> 14.6 | K96: =IF('Raw Data'!K96="","",IF(LEN('Raw Data'!K96)<7,SUBSTITUTE('Raw Data'!K96," ",":",1),'Raw Data'!K96)) -> 23:30 | L96: =IF('Raw Data'!L96="","",'Raw Data'!L96) | M96: =IF('Raw Data'!M96="","",'Raw Data'!M96) -> 13.4 | N96: =IF('Raw Data'!N96="","",IF('Raw Data'!N96="-",0,'Raw Data'!N96)) -> 5.8 | O96: =IF('Raw Data'!O96="","",'Raw Data'!O96) -> 104.5 | P96: =IF('Raw Data'!P96="","",'Raw Data'!P96) | Q96: =" " | R96: =IF(ISERROR(FIND(":",G96)),IF(G96<>"-",1*G96,G96),1*LEFT(G96,FIND(":",G96)-1)+RIGHT(G96,LEN(G96)-FIND(":",G96))/60) -> - | S96: =IF(ISERROR(FIND(":",H96)),IF(H96<>"-",1*H96,H96),1*LEFT(H96,FIND(":",H96)-1)+RIGHT(H96,LEN(H96)-FIND(":",H96))/60) -> 259.66667 | T96: =IF(ISERROR(FIND(":",I96)),IF(I96<>"-",1*I96,I96),1*LEFT(I96,FIND(":",I96)-1)+RIGHT(I96,LEN(I96)-FIND(":",I96))/60) -> 79.666667 | U96: =IF(ISERROR(FIND(":",K96)),K96,1*CONCATENATE(LEFT(K96,FIND(":",K96)-1),".",MID(RIGHT(K96,LEN(K96)-FIND(":",K96))/60,3,8))) -> 23.5 | W96: =J96*COS(U96*PI()/180) -> 13.389077 | X96: =J96*SIN(U96*PI()/180) -> 5.8217364 | Y96: =IF(R96="-",IF(S96>180,S96-180,S96+180),R96) -> 79.666667
A97: =IF('Raw Data'!A97="","",'Raw Data'!A97) -> AX | B97: =IF('Raw Data'!B97="","",'Raw Data'!B97) -> AY | C97: =IF('Raw Data'!C97="","",'Raw Data'!C97) -> 15 | D97: =IF('Raw Data'!D97="","",'Raw Data'!D97) -> 6 | E97: =IF('Raw Data'!E97="","",'Raw Data'!E97) -> 10 | F97: =IF('Raw Data'!F97="","",'Raw Data'!F97) -> 5 | G97: =IF('Raw Data'!G97="","",SUBSTITUTE('Raw Data'!G97," ",":",1)) -> 128:00 | H97: =IF('Raw Data'!H97="","",SUBSTITUTE('Raw Data'!H97," ",":",1)) -> - | I97: =IF('Raw Data'!I97="","",SUBSTITUTE('Raw Data'!I97," ",":",1)) -> 128:00 | J97: =IF('Raw Data'!J97="","",IF(LEN(K97)>6,SQRT('Raw Data'!J97^2+N97^2),'Raw Data'!J97)) -> 15 | K97: =IF('Raw Data'!K97="","",IF(LEN('Raw Data'!K97)<7,SUBSTITUTE('Raw Data'!K97," ",":",1),'Raw Data'!K97)) -> 13:30 | L97: =IF('Raw Data'!L97="","",'Raw Data'!L97) | M97: =IF('Raw Data'!M97="","",'Raw Data'!M97) -> 14.6 | N97: =IF('Raw Data'!N97="","",IF('Raw Data'!N97="-",0,'Raw Data'!N97)) -> 3.5 | O97: =IF('Raw Data'!O97="","",'Raw Data'!O97) -> 110.3 | P97: =IF('Raw Data'!P97="","",'Raw Data'!P97) -> AY is on stumpy stalagmite on cascade on E side of passage. | Q97: =" " | R97: =IF(ISERROR(FIND(":",G97)),IF(G97<>"-",1*G97,G97),1*LEFT(G97,FIND(":",G97)-1)+RIGHT(G97,LEN(G97)-FIND(":",G97))/60) -> 128 | S97: =IF(ISERROR(FIND(":",H97)),IF(H97<>"-",1*H97,H97),1*LEFT(H97,FIND(":",H97)-1)+RIGHT(H97,LEN(H97)-FIND(":",H97))/60) -> - | T97: =IF(ISERROR(FIND(":",I97)),IF(I97<>"-",1*I97,I97),1*LEFT(I97,FIND(":",I97)-1)+RIGHT(I97,LEN(I97)-FIND(":",I97))/60) -> 128 | U97: =IF(ISERROR(FIND(":",K97)),K97,1*CONCATENATE(LEFT(K97,FIND(":",K97)-1),".",MID(RIGHT(K97,LEN(K97)-FIND(":",K97))/60,3,8))) -> 13.5 | W97: =J97*COS(U97*PI()/180) -> 14.585549 | X97: =J97*SIN(U97*PI()/180) -> 3.5016805 | Y97: =IF(R97="-",IF(S97>180,S97-180,S97+180),R97) -> 128
A98: =IF('Raw Data'!A98="","",'Raw Data'!A98) -> AY | B98: =IF('Raw Data'!B98="","",'Raw Data'!B98) | C98: =IF('Raw Data'!C98="","",'Raw Data'!C98) | D98: =IF('Raw Data'!D98="","",'Raw Data'!D98) | E98: =IF('Raw Data'!E98="","",'Raw Data'!E98) | F98: =IF('Raw Data'!F98="","",'Raw Data'!F98) | G98: =IF('Raw Data'!G98="","",SUBSTITUTE('Raw Data'!G98," ",":",1)) | H98: =IF('Raw Data'!H98="","",SUBSTITUTE('Raw Data'!H98," ",":",1)) | I98: =IF('Raw Data'!I98="","",SUBSTITUTE('Raw Data'!I98," ",":",1)) | J98: =IF('Raw Data'!J98="","",IF(LEN(K98)>6,SQRT('Raw Data'!J98^2+N98^2),'Raw Data'!J98)) | K98: =IF('Raw Data'!K98="","",IF(LEN('Raw Data'!K98)<7,SUBSTITUTE('Raw Data'!K98," ",":",1),'Raw Data'!K98)) | L98: =IF('Raw Data'!L98="","",'Raw Data'!L98) | M98: =IF('Raw Data'!M98="","",'Raw Data'!M98) | N98: =IF('Raw Data'!N98="","",IF('Raw Data'!N98="-",0,'Raw Data'!N98)) | O98: =IF('Raw Data'!O98="","",'Raw Data'!O98) -> 113.8 | P98: =IF('Raw Data'!P98="","",'Raw Data'!P98) -> Total = 2,188' | Q98: =" "
A99: =IF('Raw Data'!A99="","",'Raw Data'!A99) | B99: =IF('Raw Data'!B99="","",'Raw Data'!B99) | C99: =IF('Raw Data'!C99="","",'Raw Data'!C99) | D99: =IF('Raw Data'!D99="","",'Raw Data'!D99) | E99: =IF('Raw Data'!E99="","",'Raw Data'!E99) | F99: =IF('Raw Data'!F99="","",'Raw Data'!F99) | G99: =IF('Raw Data'!G99="","",SUBSTITUTE('Raw Data'!G99," ",":",1)) | H99: =IF('Raw Data'!H99="","",SUBSTITUTE('Raw Data'!H99," ",":",1)) | I99: =IF('Raw Data'!I99="","",SUBSTITUTE('Raw Data'!I99," ",":",1)) | J99: =IF('Raw Data'!J99="","",IF(LEN(K99)>6,SQRT('Raw Data'!J99^2+N99^2),'Raw Data'!J99)) | K99: =IF('Raw Data'!K99="","",IF(LEN('Raw Data'!K99)<7,SUBSTITUTE('Raw Data'!K99," ",":",1),'Raw Data'!K99)) | L99: =IF('Raw Data'!L99="","",'Raw Data'!L99) | M99: =IF('Raw Data'!M99="","",'Raw Data'!M99) | N99: =IF('Raw Data'!N99="","",IF('Raw Data'!N99="-",0,'Raw Data'!N99)) | O99: =IF('Raw Data'!O99="","",'Raw Data'!O99) | P99: =IF('Raw Data'!P99="","",'Raw Data'!P99) | Q99: =" "
A100: =IF('Raw Data'!A100="","",'Raw Data'!A100) -> 14th August '52 | B100: =IF('Raw Data'!B100="","",'Raw Data'!B100) -> Colin | C100: =IF('Raw Data'!C100="","",'Raw Data'!C100) -> Contd from P.49. Upper Mud Series | D100: =IF('Raw Data'!D100="","",'Raw Data'!D100) | E100: =IF('Raw Data'!E100="","",'Raw Data'!E100) | F100: =IF('Raw Data'!F100="","",'Raw Data'!F100) | G100: =IF('Raw Data'!G100="","",SUBSTITUTE('Raw Data'!G100," ",":",1)) | H100: =IF('Raw Data'!H100="","",SUBSTITUTE('Raw Data'!H100," ",":",1)) | I100: =IF('Raw Data'!I100="","",SUBSTITUTE('Raw Data'!I100," ",":",1)) | J100: =IF('Raw Data'!J100="","",IF(LEN(K100)>6,SQRT('Raw Data'!J100^2+N100^2),'Raw Data'!J100)) | K100: =IF('Raw Data'!K100="","",IF(LEN('Raw Data'!K100)<7,SUBSTITUTE('Raw Data'!K100," ",":",1),'Raw Data'!K100)) | L100: =IF('Raw Data'!L100="","",'Raw Data'!L100) | M100: =IF('Raw Data'!M100="","",'Raw Data'!M100) | N100: =IF('Raw Data'!N100="","",IF('Raw Data'!N100="-",0,'Raw Data'!N100)) | O100: =IF('Raw Data'!O100="","",'Raw Data'!O100) | P100: =IF('Raw Data'!P100="","",'Raw Data'!P100) | Q100: =" "
...

Sheet Survex Formatted
C3: metres | D3: decimal degrees
A4: ;From | B4: To | C4: Tape | D4: Compass | E4: Clino
A5: ='Interpreted Data'!A5 -> A | B5: ='Interpreted Data'!B5 -> B | C5: ='Interpreted Data'!J5/'Interpreted Data'!$H$1 -> 6.402439 | D5: ='Interpreted Data'!T5 -> 283 | E5: ='Interpreted Data'!U5 -> 8.5
A6: ='Interpreted Data'!A6 -> B | B6: ='Interpreted Data'!B6 -> C | C6: ='Interpreted Data'!J6/'Interpreted Data'!$H$1 -> 8.2317073 | D6: ='Interpreted Data'!T6 -> 322.5 | E6: ='Interpreted Data'!U6 -> -9.5
A7: ='Interpreted Data'!A7 -> C | B7: ='Interpreted Data'!B7 -> D | C7: ='Interpreted Data'!J7/'Interpreted Data'!$H$1 -> 11.289754 | D7: ='Interpreted Data'!T7 -> 263 | E7: ='Interpreted Data'!U7 -> 2.3215306
A8: ='Interpreted Data'!A8 -> D | B8: ='Interpreted Data'!B8 -> E | C8: ='Interpreted Data'!J8/'Interpreted Data'!$H$1 -> 4.9390244 | D8: ='Interpreted Data'!T8 -> 192.5 | E8: ='Interpreted Data'!U8 -> 4.5
A9: ='Interpreted Data'!A9 -> E | B9: ='Interpreted Data'!B9 -> F | C9: ='Interpreted Data'!J9/'Interpreted Data'!$H$1 -> 14.329268 | D9: ='Interpreted Data'!T9 -> 258 | E9: ='Interpreted Data'!U9 -> -5.5
A10: ='Interpreted Data'!A10 -> F | B10: ='Interpreted Data'!B10 -> G | C10: ='Interpreted Data'!J10/'Interpreted Data'!$H$1 -> 14.653982 | D10: ='Interpreted Data'!T10 -> 292 | E10: ='Interpreted Data'!U10 -> -2.9814612
A11: ='Interpreted Data'!A11 -> G | B11: ='Interpreted Data'!B11 -> H | C11: ='Interpreted Data'!J11/'Interpreted Data'!$H$1 -> 10.97561 | D11: ='Interpreted Data'!T11 -> 339 | E11: ='Interpreted Data'!U11 -> 0
A12: ='Interpreted Data'!A12 -> H | B12: ='Interpreted Data'!B12 -> I | C12: ='Interpreted Data'!J12/'Interpreted Data'!$H$1 -> 9.4512195 | D12: ='Interpreted Data'!T12 -> 247 | E12: ='Interpreted Data'!U12 -> -2.5
A13: ='Interpreted Data'!A13 -> I | B13: ='Interpreted Data'!B13 -> J | C13: ='Interpreted Data'!J13/'Interpreted Data'!$H$1 -> 7.9268293 | D13: ='Interpreted Data'!T13 -> 275 | E13: ='Interpreted Data'!U13 -> 2
A14: ='Interpreted Data'!A14 -> J | B14: ='Interpreted Data'!B14 -> K | C14: ='Interpreted Data'!J14/'Interpreted Data'!$H$1 -> 8.0792683 | D14: ='Interpreted Data'!T14 -> 320 | E14: ='Interpreted Data'!U14 -> 1
A15: ='Interpreted Data'!A15 -> K | B15: ='Interpreted Data'!B15 -> L | C15: ='Interpreted Data'!J15/'Interpreted Data'!$H$1 -> 5.3353659 | D15: ='Interpreted Data'!T15 -> 13 | E15: ='Interpreted Data'!U15 -> -9
A16: ='Interpreted Data'!A16 -> L | B16: ='Interpreted Data'!B16 -> M | C16: ='Interpreted Data'!J16/'Interpreted Data'!$H$1 -> 10.060976 | D16: ='Interpreted Data'!T16 -> 299 | E16: ='Interpreted Data'!U16 -> -3
... A40: ='Interpreted Data'!A40 -> Riii | B40: ='Interpreted Data'!B40 -> Riv | C40: ='Interpreted Data'!J40/'Interpreted Data'!$H$1 -> 8.4120379 | D40: ='Interpreted Data'!T40 -> 284 | E40: ='Interpreted Data'!U40 -> -8.3356732
A41: =CONCATENATE('Interpreted Data'!A41,"2") -> a2 | B41: =CONCATENATE('Interpreted Data'!B41,"2") -> b2 | C41: ='Interpreted Data'!J41/'Interpreted Data'!$H$1 -> 13.109756 | D41: ='Interpreted Data'!T41 -> 83 | E41: ='Interpreted Data'!U41 -> 15
A42: =CONCATENATE('Interpreted Data'!A42,"2") -> b2 | B42: =CONCATENATE('Interpreted Data'!B42,"2") -> c2 | C42: ='Interpreted Data'!J42/'Interpreted Data'!$H$1 -> 6.3109756 | D42: ='Interpreted Data'!T42 -> 6 | E42: ='Interpreted Data'!U42 -> 8
A43: =CONCATENATE('Interpreted Data'!A43,"2") -> c2 | B43: =CONCATENATE('Interpreted Data'!B43,"2") -> d2 | C43: ='Interpreted Data'!J43/'Interpreted Data'!$H$1 -> 3.445122 | D43: ='Interpreted Data'!T43 -> 42 | E43: ='Interpreted Data'!U43 -> 10
A44: =CONCATENATE('Interpreted Data'!A44,"2") -> d2 | B44: =CONCATENATE('Interpreted Data'!B44,"2") -> e2 | C44: ='Interpreted Data'!J44/'Interpreted Data'!$H$1 -> 5.7621951 | D44: ='Interpreted Data'!T44 -> 139 | E44: ='Interpreted Data'!U44 -> 0
A45: =CONCATENATE('Interpreted Data'!A45,"2") -> d2 | B45: =CONCATENATE('Interpreted Data'!B45,"2") -> f2 | C45: ='Interpreted Data'!J45/'Interpreted Data'!$H$1 -> 3.1402439 | D45: ='Interpreted Data'!T45 -> 245 | E45: ='Interpreted Data'!U45 -> 60
A46: =CONCATENATE('Interpreted Data'!A46,"2") -> f2 | B46: =CONCATENATE('Interpreted Data'!B46,"2") -> g2 | C46: ='Interpreted Data'!J46/'Interpreted Data'!$H$1 -> 1.8902439 | D46: ='Interpreted Data'!T46 -> 319 | E46: ='Interpreted Data'!U46 -> 0
A47: =CONCATENATE('Interpreted Data'!A47,"2") -> g2 | B47: =CONCATENATE('Interpreted Data'!B47,"2") -> h2 | C47: ='Interpreted Data'!J47/'Interpreted Data'!$H$1 -> 4.8780488 | D47: ='Interpreted Data'!T47 -> 237 | E47: ='Interpreted Data'!U47 -> 65
A48: =CONCATENATE('Interpreted Data'!A48,"2") -> h2 | B48: =CONCATENATE('Interpreted Data'!B48,"2") -> i2 | C48: ='Interpreted Data'!J48/'Interpreted Data'!$H$1 -> 14.02439 | D48: ='Interpreted Data'!T48 -> 329 | E48: ='Interpreted Data'!U48 -> 0
A49: ='Interpreted Data'!A49 -> M | B49: ='Interpreted Data'!B49 -> 1 | C49: ='Interpreted Data'!J49/'Interpreted Data'!$H$1 -> 3.5670732 | D49: ='Interpreted Data'!T49 -> 325 | E49: ='Interpreted Data'!U49 -> -20
A50: ='Interpreted Data'!A50 -> 1 | B50: ='Interpreted Data'!B50 -> 2 | C50: ='Interpreted Data'!J50/'Interpreted Data'!$H$1 -> 8.6890244 | D50: ='Interpreted Data'!T50 -> 35 | E50: ='Interpreted Data'!U50 -> 85
A51: ='Interpreted Data'!A51 -> 2 | B51: ='Interpreted Data'!B51 -> 3 | C51: ='Interpreted Data'!J51/'Interpreted Data'!$H$1 -> 6.0670732 | D51: ='Interpreted Data'!T51 -> 50 | E51: ='Interpreted Data'!U51 -> 16
A52: ='Interpreted Data'!A52 -> 3 | B52: ='Interpreted Data'!B52 -> 4 | C52: ='Interpreted Data'!J52/'Interpreted Data'!$H$1 -> 4.8780488 | D52: ='Interpreted Data'!T52 -> 122 | E52: ='Interpreted Data'!U52 -> 7
A53: ='Interpreted Data'!A53 -> 4 | B53: ='Interpreted Data'!B53 -> 5 | C53: ='Interpreted Data'!J53/'Interpreted Data'!$H$1 -> 5.4878049 | D53: ='Interpreted Data'!T53 -> 59 | E53: ='Interpreted Data'!U53 -> 15
A54: ='Interpreted Data'!A54 -> 5 | B54: ='Interpreted Data'!B54 -> 6 | C54: ='Interpreted Data'!J54/'Interpreted Data'!$H$1 -> 2.8963415 | D54: ='Interpreted Data'!T54 -> 17 | E54: ='Interpreted Data'!U54 -> 10
A55: ='Interpreted Data'!A55 -> 6 | B55: ='Interpreted Data'!B55 -> 7 | C55: ='Interpreted Data'!J55/'Interpreted Data'!$H$1 -> 4.1158537 | D55: ='Interpreted Data'!T55 -> 46 | E55: ='Interpreted Data'!U55 -> 17
A56: ='Interpreted Data'!A56 -> 7 | B56: ='Interpreted Data'!B56 -> 8 | C56: ='Interpreted Data'!J56/'Interpreted Data'!$H$1 -> 7.3780488 | D56: ='Interpreted Data'!T56 -> 74 | E56: ='Interpreted Data'!U56 -> 13
A57: ='Interpreted Data'!A57 -> 8 | B57: ='Interpreted Data'!B57 -> 9 | C57: ='Interpreted Data'!J57/'Interpreted Data'!$H$1 -> 2.6829268 | D57: ='Interpreted Data'!T57 -> 137 | E57: ='Interpreted Data'!U57 -> 10
A58: ='Interpreted Data'!A58 -> 9 | B58: ='Interpreted Data'!B58 -> 10 | C58: ='Interpreted Data'!J58/'Interpreted Data'!$H$1 -> 6.0365854 | D58: ='Interpreted Data'!T58 -> 89 | E58: ='Interpreted Data'!U58 -> 15
A59: ='Interpreted Data'!A59 -> 10 | B59: ='Interpreted Data'!B59 -> 11 | C59: ='Interpreted Data'!J59/'Interpreted Data'!$H$1 -> 2.7439024 | D59: ='Interpreted Data'!T59 -> 26 | E59: ='Interpreted Data'!U59 -> 12
A60: ='Interpreted Data'!A60 -> 11 | B60: ='Interpreted Data'!B60 -> 12 | C60: ='Interpreted Data'!J60/'Interpreted Data'!$H$1 -> 3.2621951 | D60: ='Interpreted Data'!T60 -> 78 | E60: ='Interpreted Data'!U60 -> 10
... A118: ='Interpreted Data'!A118 -> 35 | B118: ='Interpreted Data'!B118 | C118: ='Interpreted Data'!J118/'Interpreted Data'!$H$1 -> #VALUE! | D118: ='Interpreted Data'!T118 -> 0 | E118: ='Interpreted Data'!U118 -> 0
A119: ='Interpreted Data'!A119 -> 35 | B119: =CONCATENATE('Interpreted Data'!B119,"2") -> e2 | C119: ='Interpreted Data'!J119/'Interpreted Data'!$H$1 -> 5.4878049 | D119: ='Interpreted Data'!T119 -> 234 | E119: ='Interpreted Data'!U119 -> 45

Sheet Therion Formatted
A1: Keeping Forwards and Back Bearings | I1: =" " | J1: data normal from to tape compass backcompass clino ignoreall
A2: Copy and Paste data from column J-P into Therion Centreline data block | I2: =" " | J2: data diving from to tape compass backcompass depthchange ignoreall
A3: From | B3: To | C3: Tape | D3: Foresight | E3: Backsight | F3: Clino | G3: Depth Change | H3: Notes | I3: =" "
A4: ='Raw Data'!A1 -> 21st July 1951 | I4: =" " | J4: =A4 -> 21st July 1951
J5: =$J$1 -> data normal from to tape compass backcompass clino ignoreall
A6: ='Raw Data'!A5 -> A | B6: ='Raw Data'!B5 -> B | C6: ='Raw Data'!J5 -> 21 | D6: ='Interpreted Data'!G5 -> - | E6: ='Interpreted Data'!H5 -> 103 | F6: =SUBSTITUTE('Raw Data'!K5," ",":",1) -> 8:30 | G6: ='Interpreted Data'!N5 -> 3.1 | H6: ='Interpreted Data'!P5 -> A is at the base of the cable spike on the downstream side of Sump I | I6: =" " | J6: =A6 -> A | K6: =B6 -> B | L6: =C6 -> 21 | M6: =D6 -> - | N6: =E6 -> 103 | O6: =IF(AND(D6="-",E6="-"),IF(1*F6=-90,"DOWN",IF(1*F6=90,"UP","no compass")),F6) -> 8:30 | P6: =H6 -> A is at the base of the cable spike on the downstream side of Sump I
A7: ='Raw Data'!A6 -> B | B7: ='Raw Data'!B6 -> C | C7: ='Raw Data'!J6 -> 27 | D7: ='Interpreted Data'!G6 -> 322:30 | E7: ='Interpreted Data'!H6 -> - | F7: =SUBSTITUTE('Raw Data'!K6," ",":",1) -> -9:30 | G7: ='Interpreted Data'!N6 -> -4.5 | H7: ='Interpreted Data'!P6 -> B is on a rock at upstream end of pool | I7: =" " | J7: =A7 -> B | K7: =B7 -> C | L7: =C7 -> 27 | M7: =D7 -> 322:30 | N7: =E7 -> - | O7: =IF(AND(D7="-",E7="-"),IF(1*F7=-90,"DOWN",IF(1*F7=90,"UP","no compass")),F7) -> -9:30 | P7: =H7 -> B is on a rock at upstream end of pool
A8: ='Raw Data'!A7 -> C | B8: ='Raw Data'!B7 -> D | C8: ='Raw Data'!J7 -> 37 | D8: ='Interpreted Data'!G7 -> - | E8: ='Interpreted Data'!H7 -> 83 | F8: =SUBSTITUTE('Raw Data'!K7," ",":",1) -> rise:of 1.5 feet | G8: ='Interpreted Data'!N7 -> 1.5 | H8: ='Interpreted Data'!P7 -> C is on edge of pool 10' before Duck I | I8: =" " | J8: =$J$2 -> data diving from to tape compass backcompass depthchange ignoreall
A9: ='Raw Data'!A8 -> D | B9: ='Raw Data'!B8 -> E | C9: ='Raw Data'!J8 -> 16.2 | D9: ='Interpreted Data'!G8 -> 192:30 | E9: ='Interpreted Data'!H8 -> - | F9: =SUBSTITUTE('Raw Data'!K8," ",":",1) -> 4:30 | G9: ='Interpreted Data'!N8 -> 1.3 | H9: ='Interpreted Data'!P8 -> D is in stream. Big rock (start of New Series survey) 10' away at 350 (deg). Big passage starts as continuation of Howards Dig. | I9: =" " | J9: =A8 -> C | K9: =B8 -> D | L9: =C8 -> 37 | M9: =D8 -> - | N9: =E8 -> 83 | O9: =G8 -> 1.5 | P9: =H8 -> C is on edge of pool 10' before Duck I
A10: ='Raw Data'!A9 -> E | B10: ='Raw Data'!B9 -> F | C10: ='Raw Data'!J9 -> 47 | D10: ='Interpreted Data'!G9 -> - | E10: ='Interpreted Data'!H9 -> 78 | F10: =SUBSTITUTE('Raw Data'!K9," ",":",1) -> -5:30 | G10: ='Interpreted Data'!N9 -> -4.5 | H10: ='Interpreted Data'!P9 | I10: =" " | J10: =$J$1 -> data normal from to tape compass backcompass clino ignoreall
A11: ='Raw Data'!A10 -> F | B11: ='Raw Data'!B10 -> G | C11: ='Raw Data'!J10 -> 48 | D11: ='Interpreted Data'!G10 -> 292 | E11: ='Interpreted Data'!H10 -> - | F11: =SUBSTITUTE('Raw Data'!K10," ",":",1) -> fall:of 2.5 feet | G11: ='Interpreted Data'!N10 -> -2.5 | H11: ='Interpreted Data'!P10 -> At 40' the roof lowers suddenly to Creep I. The big Bedding Plane passage comes in on the right, from -5' to 40' | I11: =" " | J11: =A9 -> D | K11: =B9 -> E | L11: =C9 -> 16.2 | M11: =D9 -> 192:30 | N11: =E9 -> - | O11: =IF(AND(D9="-",E9="-"),IF(1*F9=-90,"DOWN",IF(1*F9=90,"UP","no compass")),F9) -> 4:30 | P11: =H9 -> D is in stream. Big rock (start of New Series survey) 10' away at 350 (deg). Big passage starts as continuation of Howards Dig.
A12: ='Raw Data'!A11 -> G | B12: ='Raw Data'!B11 -> H | C12: ='Raw Data'!J11 -> 36 | D12: ='Interpreted Data'!G11 -> - | E12: ='Interpreted Data'!H11 -> 159 | F12: =SUBSTITUTE('Raw Data'!K11," ",":",1) -> level | G12: ='Interpreted Data'!N11 -> 0 | H12: ='Interpreted Data'!P11 | I12: =" " | J12: =A10 -> E | K12: =B10 -> F | L12: =C10 -> 47 | M12: =D10 -> - | N12: =E10 -> 78 | O12: =IF(AND(D10="-",E10="-"),IF(1*F10=-90,"DOWN",IF(1*F10=90,"UP","no compass")),F10) -> -5:30 | P12: =H10
A13: ='Raw Data'!A12 -> H | B13: ='Raw Data'!B12 -> I | C13: ='Raw Data'!J12 -> 31 | D13: ='Interpreted Data'!G12 -> 247 | E13: ='Interpreted Data'!H12 -> - | F13: =SUBSTITUTE('Raw Data'!K12," ",":",1) -> -2:30 | G13: ='Interpreted Data'!N12 -> -1.3 | H13: ='Interpreted Data'!P12 | I13: =" " | J13: =$J$2 -> data diving from to tape compass backcompass depthchange ignoreall
A14: ='Raw Data'!A13 -> I | B14: ='Raw Data'!B13 -> J | C14: ='Raw Data'!J13 -> 26 | D14: ='Interpreted Data'!G13 -> - | E14: ='Interpreted Data'!H13 -> 95 | F14: =SUBSTITUTE('Raw Data'!K13," ",":",1) -> 2 | G14: ='Interpreted Data'!N13 -> 0.9 | H14: ='Interpreted Data'!P13 | I14: =" " | J14: =A11 -> F | K14: =B11 -> G | L14: =C11 -> 48 | M14: =D11 -> 292 | N14: =E11 -> - | O14: =G11 -> -2.5 | P14: =H11 -> At 40' the roof lowers suddenly to Creep I. The big Bedding Plane passage comes in on the right, from -5' to 40'
A15: ='Raw Data'!A14 -> J | B15: ='Raw Data'!B14 -> K | C15: ='Raw Data'!J14 -> 26.5 | D15: ='Interpreted Data'!G14 -> 320 | E15: ='Interpreted Data'!H14 -> - | F15: =SUBSTITUTE('Raw Data'!K14," ",":",1) -> 1 | G15: ='Interpreted Data'!N14 -> 0.5 | H15: ='Interpreted Data'!P14 -> Pots | I15: =" " | J15: =A12 -> G | K15: =B12 -> H | L15: =C12 -> 36 | M15: =D12 -> - | N15: =E12 -> 159 | O15: =G12 -> 0 | P15: =H12
A16: ='Raw Data'!A15 -> K | B16: ='Raw Data'!B15 -> L | C16: ='Raw Data'!J15 -> 17.5 | D16: ='Interpreted Data'!G15 -> - | E16: ='Interpreted Data'!H15 -> 193 | F16: =SUBSTITUTE('Raw Data'!K15," ",":",1) -> -9 | G16: ='Interpreted Data'!N15 -> -2.7 | H16: ='Interpreted Data'!P15 -> Pots | I16: =" " | J16: =$J$1 -> data normal from to tape compass backcompass clino ignoreall
A17: ='Raw Data'!A16 -> L | B17: ='Raw Data'!B16 -> M | C17: ='Raw Data'!J16 -> 33 | D17: ='Interpreted Data'!G16 -> 299 | E17: ='Interpreted Data'!H16 -> - | F17: =SUBSTITUTE('Raw Data'!K16," ",":",1) -> -3 | G17: ='Interpreted Data'!N16 -> -1.7 | H17: ='Interpreted Data'!P16 -> L is at foot of climb to Approach passage. Clay fill remains 6' up on left wall. | I17: =" " | J17: =A13 -> H | K17: =B13 -> I | L17: =C13 -> 31 | M17: =D13 -> 247 | N17: =E13 -> - | O17: =IF(AND(D13="-",E13="-"),IF(1*F13=-90,"DOWN",IF(1*F13=90,"UP","no compass")),F13) -> -2:30 | P17: =H13
A18: ='Raw Data'!A17 -> M | B18: ='Raw Data'!B17 -> N | C18: ='Raw Data'!J17 -> 43 | D18: ='Interpreted Data'!G17 -> - | E18: ='Interpreted Data'!H17 -> 142 | F18: =SUBSTITUTE('Raw Data'!K17," ",":",1) -> -7.3 | G18: ='Interpreted Data'!N17 -> -5.6 | H18: ='Interpreted Data'!P17 -> Pots | I18: =" " | J18: =A14 -> I | K18: =B14 -> J | L18: =C14 -> 26 | M18: =D14 -> - | N18: =E14 -> 95 | O18: =IF(AND(D14="-",E14="-"),IF(1*F14=-90,"DOWN",IF(1*F14=90,"UP","no compass")),F14) -> 2 | P18: =H14
A19: ='Raw Data'!A18 -> N | B19: ='Raw Data'!B18 -> O | C19: ='Raw Data'!J18 -> 15.5 | D19: ='Interpreted Data'!G18 -> 281 | E19: ='Interpreted Data'!H18 -> - | F19: =SUBSTITUTE('Raw Data'!K18," ",":",1) -> -2 | G19: ='Interpreted Data'!N18 -> -0.5 | H19: ='Interpreted Data'!P18 -> Pots | I19: =" " | J19: =A15 -> J | K19: =B15 -> K | L19: =C15 -> 26.5 | M19: =D15 -> 320 | N19: =E15 -> - | O19: =IF(AND(D15="-",E15="-"),IF(1*F15=-90,"DOWN",IF(1*F15=90,"UP","no compass")),F15) -> 1 | P19: =H15 -> Pots
A20: ='Raw Data'!A19 -> O | B20: ='Raw Data'!B19 -> P | C20: ='Raw Data'!J19 -> 56 | D20: ='Interpreted Data'!G19 -> - | E20: ='Interpreted Data'!H19 -> 127 | F20: =SUBSTITUTE('Raw Data'!K19," ",":",1) -> -5 | G20: ='Interpreted Data'!N19 -> -4.9 | H20: ='Interpreted Data'!P19 -> Pots. Very pretty coral on left wall | I20: =" " | J20: =A16 -> K | K20: =B16 -> L | L20: =C16 -> 17.5 | M20: =D16 -> - | N20: =E16 -> 193 | O20: =IF(AND(D16="-",E16="-"),IF(1*F16=-90,"DOWN",IF(1*F16=90,"UP","no compass")),F16) -> -9 | P20: =H16 -> Pots
A21: ='Raw Data'!A20 -> P | B21: ='Raw Data'!B20 -> Q | C21: ='Raw Data'!J20 -> 15.8 | D21: ='Interpreted Data'!G20 -> 283 | E21: ='Interpreted Data'!H20 -> - | F21: =SUBSTITUTE('Raw Data'!K20," ",":",1) -> -0:15 | G21: ='Interpreted Data'!N20 -> -0.1 | H21: ='Interpreted Data'!P20 | I21: =" " | J21: =A17 -> L | K21: =B17 -> M | L21: =C17 -> 33 | M21: =D17 -> 299 | N21: =E17 -> - | O21: =IF(AND(D17="-",E17="-"),IF(1*F17=-90,"DOWN",IF(1*F17=90,"UP","no compass")),F17) -> -3 | P21: =H17 -> L is at foot of climb to Approach passage. Clay fill remains 6' up on left wall.
A22: ='Raw Data'!A21 -> Q | B22: ='Raw Data'!B21 -> R | C22: ='Raw Data'!J21 -> 15.3 | D22: ='Interpreted Data'!G21 -> - | E22: ='Interpreted Data'!H21 -> 37 | F22: =SUBSTITUTE('Raw Data'!K21," ",":",1) -> fall:of 4 feet | G22: ='Interpreted Data'!N21 -> -4 | H22: ='Interpreted Data'!P21 -> 1.5 foot deep pool starts at P. | I22: =" " | J22: =A18 -> M | K22: =B18 -> N | L22: =C18 -> 43 | M22: =D18 -> - | N22: =E18 -> 142 | O22: =IF(AND(D18="-",E18="-"),IF(1*F18=-90,"DOWN",IF(1*F18=90,"UP","no compass")),F18) -> -7.3 | P22: =H18 -> Pots
A23: ='Raw Data'!A22 -> R | B23: ='Raw Data'!B22 -> S | C23: ='Raw Data'!J22 -> 39.5 | D23: ='Interpreted Data'!G22 -> 310 | E23: ='Interpreted Data'!H22 -> - | F23: =SUBSTITUTE('Raw Data'!K22," ",":",1) -> rise:of 4 feet | G23: ='Interpreted Data'!N22 -> 4 | H23: ='Interpreted Data'!P22 -> Pool 2.5' deep at R, ends 15' on. Scalloping as in Goughs 1st Sandy Chamber. | I23: =" " | J23: =A19 -> N | K23: =B19 -> O | L23: =C19 -> 15.5 | M23: =D19 -> 281 | N23: =E19 -> - | O23: =IF(AND(D19="-",E19="-"),IF(1*F19=-90,"DOWN",IF(1*F19=90,"UP","no compass")),F19) -> -2 | P23: =H19 -> Pots
A24: ='Raw Data'!A23 -> S | B24: ='Raw Data'!B23 -> T | C24: ='Raw Data'!J23 -> 39.6 | D24: ='Interpreted Data'!G23 -> - | E24: ='Interpreted Data'!H23 -> 58 | F24: =SUBSTITUTE('Raw Data'!K23," ",":",1) -> -2:30 | G24: ='Interpreted Data'!N23 -> -1.9 | H24: ='Interpreted Data'!P23 -> S is marked on wall. At 20' there is a muddy chamber overhead. | I24: =" " | J24: =A20 -> O | K24: =B20 -> P | L24: =C20 -> 56 | M24: =D20 -> - | N24: =E20 -> 127 | O24: =IF(AND(D20="-",E20="-"),IF(1*F20=-90,"DOWN",IF(1*F20=90,"UP","no compass")),F20) -> -5 | P24: =H20 -> Pots. Very pretty coral on left wall
A25: ='Raw Data'!A24 -> T | B25: ='Raw Data'!B24 -> U | C25: ='Raw Data'!J24 -> 49 | D25: ='Interpreted Data'!G24 -> 148 | E25: ='Interpreted Data'!H24 -> - | F25: =SUBSTITUTE('Raw Data'!K24," ",":",1) -> fall:of 1.7 feet | G25: ='Interpreted Data'!N24 -> -1.7 | H25: ='Interpreted Data'!P24 | I25: =" " | J25: =A21 -> P | K25: =B21 -> Q | L25: =C21 -> 15.8 | M25: =D21 -> 283 | N25: =E21 -> - | O25: =IF(AND(D21="-",E21="-"),IF(1*F21=-90,"DOWN",IF(1*F21=90,"UP","no compass")),F21) -> -0:15 | P25: =H21
A26: ='Raw Data'!A25 -> U | B26: ='Raw Data'!B25 -> 0 | C26: ='Raw Data'!J25 -> 0 | D26: ='Interpreted Data'!G25 | E26: ='Interpreted Data'!H25 | F26: =SUBSTITUTE('Raw Data'!K25," ",":",1) | G26: ='Interpreted Data'!N25 | H26: ='Interpreted Data'!P25 -> Bearls (sp.?) seen here. Total = 650' | I26: =" " | J26: =$J$2 -> data diving from to tape compass backcompass depthchange ignoreall
A27: ='Raw Data'!A26 -> A1 | B27: ='Raw Data'!B26 -> B1 | C27: ='Raw Data'!J26 -> 30.4 | D27: ='Interpreted Data'!G26 -> - | E27: ='Interpreted Data'!H26 -> 326 | F27: =SUBSTITUTE('Raw Data'!K26," ",":",1) -> level | G27: ='Interpreted Data'!N26 -> 0 | H27: ='Interpreted Data'!P26 -> A1 is far end of "Priddy Green" passage. At choke | I27: =" " | J27: =A22 -> Q | K27: =B22 -> R | L27: =C22 -> 15.3 | M27: =D22 -> - | N27: =E22 -> 37 | O27: =G22 -> -4 | P27: =H22 -> 1.5 foot deep pool starts at P.
A28: ='Raw Data'!A27 -> B1 | B28: ='Raw Data'!B27 -> C1 | C28: ='Raw Data'!J27 -> 37.5 | D28: ='Interpreted Data'!G27 -> 248 | E28: ='Interpreted Data'!H27 -> - | F28: =SUBSTITUTE('Raw Data'!K27," ",":",1) -> -6 | G28: ='Interpreted Data'!N27 -> -3.9 | H28: ='Interpreted Data'!P27 -> B1 is ent to P.G. pass, above stalagmite keloid (sp.?) | I28: =" " | J28: =A23 -> R | K28: =B23 -> S | L28: =C23 -> 39.5 | M28: =D23 -> 310 | N28: =E23 -> - | O28: =G23 -> 4 | P28: =H23 -> Pool 2.5' deep at R, ends 15' on. Scalloping as in Goughs 1st Sandy Chamber.
I29: =" " | J29: =$J$1 -> data normal from to tape compass backcompass clino ignoreall
I30: =" " | J30: =A24 -> S | K30: =B24 -> T | L30: =C24 -> 39.6 | M30: =D24 -> - | N30: =E24 -> 58 | O30: =IF(AND(D24="-",E24="-"),IF(1*F24=-90,"DOWN",IF(1*F24=90,"UP","no compass")),F24) -> -2:30 | P30: =H24 -> S is marked on wall. At 20' there is a muddy chamber overhead.
I31: =" " | J31: =$J$2 -> data diving from to tape compass backcompass depthchange ignoreall
I32: =" " | J32: =A25 -> T | K32: =B25 -> U | L32: =C25 -> 49 | M32: =D25 -> 148 | N32: =E25 -> - | O32: =G25 -> -1.7 | P32: =H25
I33: =" " | J33: # | K33: U | P33: =H26 -> Bearls (sp.?) seen here. Total = 650'
I34: =" " | J34: =A27 -> A1 | K34: =B27 -> B1 | L34: =C27 -> 30.4 | M34: =D27 -> - | N34: =E27 -> 326 | O34: =G27 -> 0 | P34: =H27 -> A1 is far end of "Priddy Green" passage. At choke
I35: =" " | J35: =A28 -> B1 | K35: =B28 -> C1 | L35: =C28 -> 37.5 | M35: =D28 -> 248 | N35: =E28 -> - | O35: =G28 -> -3.9 | P35: =H28 -> B1 is ent to P.G. pass, above stalagmite keloid (sp.?)
I36: =" "
I37: =" " | J37: =A39 -> 5th August 1951
I38: =" " | J38: =$J$1 -> data normal from to tape compass backcompass clino ignoreall
A39: ='Raw Data'!A29 -> 5th August 1951 | I39: =" " | J39: =A40 -> C1 | K39: =B40 -> D1 | L39: =C40 -> 11.8 | M39: =D40 -> - | N39: =E40 -> 85 | O39: =IF(AND(D40="-",E40="-"),IF(1*F40=-90,"DOWN",IF(1*F40=90,"UP","no compass")),F40) -> -24 | P39: =H40 -> On rocky bank.
A40: ='Raw Data'!A30 -> C1 | B40: ='Raw Data'!B30 -> D1 | C40: ='Raw Data'!J30 -> 11.8 | D40: ='Interpreted Data'!G30 -> - | E40: ='Interpreted Data'!H30 -> 85 | F40: =SUBSTITUTE('Raw Data'!K30," ",":",1) -> -24 | G40: ='Interpreted Data'!N30 -> -4.8 | H40: ='Interpreted Data'!P30 -> On rocky bank. | I40: =" " | J40: =A41 -> D1 | K40: =B41 -> A | L40: =C41 -> 36.8 | M40: =D41 -> 251 | N40: =E41 -> - | O40: 0 | P40: =H41 -> D1 to near side of Sump I 11.8'. D1 to far side of Sump I 18'. D1 is in pool at stake for cable.
A41: ='Raw Data'!A31 -> D1 | B41: ='Raw Data'!B31 -> A | C41: ='Raw Data'!J31 -> 36.8 | D41: ='Interpreted Data'!G31 -> 251 | E41: ='Interpreted Data'!H31 -> - | F41: =SUBSTITUTE('Raw Data'!K31," ",":",1) -> water:level | G41: ='Interpreted Data'!N31 -> -2.3 | H41: ='Interpreted Data'!P31 -> D1 to near side of Sump I 11.8'. D1 to far side of Sump I 18'. D1 is in pool at stake for cable. | I41: =" " | J41: =A42 -> U | K41: =B42 -> V | L41: =C42 -> 29 | M41: =D42 -> - | N41: =E42 -> 6:30 | O41: =G42 -> 0 | P41: =H42 -> Lake begins as 10'. (Little sketch)
A42: ='Raw Data'!A32 -> U | B42: ='Raw Data'!B32 -> V | C42: ='Raw Data'!J32 -> 29 | D42: ='Interpreted Data'!G32 -> - | E42: ='Interpreted Data'!H32 -> 6:30 | F42: =SUBSTITUTE('Raw Data'!K32," ",":",1) -> water:level | G42: ='Interpreted Data'!N32 -> 0 | H42: ='Interpreted Data'!P32 -> Lake begins as 10'. (Little sketch) | I42: =" " | J42: =A43 -> V | K42: =B43 -> W | L42: =C43 -> 33.8 | M42: =D43 -> 141:30 | N42: =E43 -> - | O42: =G43 -> 0 | P42: =H43 -> Lake
A43: ='Raw Data'!A33 -> V | B43: ='Raw Data'!B33 -> W | C43: ='Raw Data'!J33 -> 33.8 | D43: ='Interpreted Data'!G33 -> 141:30 | E43: ='Interpreted Data'!H33 -> - | F43: =SUBSTITUTE('Raw Data'!K33," ",":",1) -> water:level | G43: ='Interpreted Data'!N33 -> 0 | H43: ='Interpreted Data'!P33 -> Lake | I43: =" " | J43: =A44 -> W | K43: =B44 -> X | L43: =C44 -> 47 | M43: =D44 -> 132:10 | N43: =E44 -> - | O43: =G44 -> 0 | P43: =H44 -> Bearing from 2' to right. W to near side Duck II = 3.5. W to far side Duck II = 20.4
